inst#,actual,predicted,error,prediction
1,1:Not,2:Forward,+,0.855
2,1:Not,1:Not,,0.951
3,1:Not,1:Not,,0.998
4,1:Not,3:Right,+,0.924
5,1:Not,2:Forward,+,0.939
6,1:Not,1:Not,,0.979
7,1:Not,2:Forward,+,0.932
8,1:Not,3:Right,+,0.91
9,1:Not,1:Not,,0.959
10,1:Not,1:Not,,0.507
11,1:Not,1:Not,,0.978
12,1:Not,1:Not,,0.959
13,1:Not,2:Forward,+,0.809
14,1:Not,2:Forward,+,0.864
15,1:Not,1:Not,,0.995
16,1:Not,1:Not,,0.978
17,1:Not,1:Not,,0.936
18,1:Not,1:Not,,0.998
19,1:Not,1:Not,,0.984
20,1:Not,1:Not,,0.991
21,1:Not,1:Not,,0.988
22,1:Not,1:Not,,0.7
23,1:Not,1:Not,,0.667
24,1:Not,1:Not,,0.755
25,1:Not,2:Forward,+,0.756
26,1:Not,2:Forward,+,0.903
27,1:Not,2:Forward,+,0.865
28,1:Not,1:Not,,0.978
29,1:Not,2:Forward,+,0.9
30,1:Not,1:Not,,0.96
31,1:Not,3:Right,+,0.94
32,1:Not,1:Not,,0.946
33,1:Not,1:Not,,0.986
34,2:Forward,2:Forward,,0.929
35,2:Forward,1:Not,+,0.82
36,2:Forward,2:Forward,,0.899
37,2:Forward,2:Forward,,0.903
38,2:Forward,2:Forward,,0.899
39,2:Forward,2:Forward,,0.935
40,2:Forward,1:Not,+,0.927
41,2:Forward,2:Forward,,0.942
42,2:Forward,2:Forward,,0.969
43,2:Forward,2:Forward,,0.899
44,2:Forward,2:Forward,,0.965
45,2:Forward,2:Forward,,0.62
46,2:Forward,2:Forward,,0.885
47,2:Forward,2:Forward,,0.896
48,2:Forward,2:Forward,,0.913
49,2:Forward,2:Forward,,0.866
50,2:Forward,2:Forward,,0.964
51,2:Forward,2:Forward,,0.994
52,2:Forward,2:Forward,,0.866
53,2:Forward,1:Not,+,0.497
54,2:Forward,2:Forward,,0.842
55,2:Forward,2:Forward,,0.899
56,2:Forward,2:Forward,,0.996
57,2:Forward,2:Forward,,0.602
58,2:Forward,1:Not,+,0.959
59,2:Forward,2:Forward,,0.808
60,2:Forward,2:Forward,,0.869
61,2:Forward,1:Not,+,0.895
62,2:Forward,2:Forward,,0.993
63,2:Forward,2:Forward,,0.961
64,2:Forward,1:Not,+,0.847
65,2:Forward,2:Forward,,0.899
66,2:Forward,2:Forward,,0.972
67,2:Forward,2:Forward,,0.822
68,2:Forward,1:Not,+,0.887
69,2:Forward,2:Forward,,0.867
70,4:Left,2:Forward,+,0.927
71,4:Left,1:Not,+,0.978
72,4:Left,4:Left,,0.934
73,4:Left,4:Left,,0.943
74,4:Left,4:Left,,0.934
75,4:Left,2:Forward,+,0.926
76,4:Left,4:Left,,0.93
77,4:Left,4:Left,,0.938
78,4:Left,4:Left,,0.938
79,4:Left,4:Left,,0.945
80,4:Left,2:Forward,+,0.961
81,4:Left,1:Not,+,0.961
82,4:Left,4:Left,,0.771
83,4:Left,4:Left,,0.865
84,4:Left,4:Left,,0.875
85,4:Left,1:Not,+,0.665
86,3:Right,3:Right,,0.915
87,3:Right,4:Left,+,0.848
88,3:Right,3:Right,,0.998
89,3:Right,3:Right,,0.867
90,3:Right,3:Right,,0.989
91,3:Right,3:Right,,0.949
92,3:Right,3:Right,,0.916
93,3:Right,3:Right,,0.991
94,3:Right,3:Right,,0.916
95,3:Right,1:Not,+,0.818
96,3:Right,3:Right,,0.993
97,3:Right,3:Right,,0.915
98,3:Right,3:Right,,0.899
99,3:Right,3:Right,,0.962
100,3:Right,3:Right,,0.992
101,3:Right,3:Right,,0.994
102,3:Right,3:Right,,0.915
103,3:Right,3:Right,,0.893
104,3:Right,4:Left,+,0.821
1,1:Not,1:Not,,0.996
2,1:Not,1:Not,,0.996
3,1:Not,2:Forward,+,0.999
4,1:Not,1:Not,,1
5,1:Not,1:Not,,0.67
6,1:Not,1:Not,,1
7,1:Not,1:Not,,0.611
8,1:Not,1:Not,,0.95
9,1:Not,1:Not,,0.997
10,1:Not,1:Not,,0.652
11,1:Not,1:Not,,0.998
12,1:Not,3:Right,+,0.616
13,1:Not,2:Forward,+,0.684
14,1:Not,1:Not,,0.567
15,1:Not,1:Not,,0.996
16,1:Not,3:Right,+,0.5
17,1:Not,2:Forward,+,0.948
18,1:Not,1:Not,,0.993
19,1:Not,1:Not,,0.996
20,1:Not,1:Not,,0.669
21,1:Not,1:Not,,1
22,1:Not,1:Not,,0.627
23,1:Not,1:Not,,0.656
24,1:Not,1:Not,,0.572
25,1:Not,1:Not,,0.647
26,1:Not,1:Not,,0.973
27,1:Not,1:Not,,0.997
28,1:Not,1:Not,,0.662
29,1:Not,1:Not,,0.874
30,1:Not,1:Not,,0.647
31,1:Not,1:Not,,0.998
32,1:Not,1:Not,,0.653
33,1:Not,1:Not,,0.996
34,2:Forward,2:Forward,,0.602
35,2:Forward,2:Forward,,0.985
36,2:Forward,2:Forward,,0.753
37,2:Forward,2:Forward,,0.98
38,2:Forward,2:Forward,,0.999
39,2:Forward,2:Forward,,0.997
40,2:Forward,1:Not,+,0.672
41,2:Forward,2:Forward,,0.751
42,2:Forward,2:Forward,,0.999
43,2:Forward,2:Forward,,0.895
44,2:Forward,1:Not,+,0.661
45,2:Forward,2:Forward,,0.601
46,2:Forward,2:Forward,,1
47,2:Forward,2:Forward,,1
48,2:Forward,2:Forward,,0.999
49,2:Forward,2:Forward,,1
50,2:Forward,2:Forward,,1
51,2:Forward,2:Forward,,0.999
52,2:Forward,2:Forward,,1
53,2:Forward,1:Not,+,0.996
54,2:Forward,2:Forward,,1
55,2:Forward,2:Forward,,1
56,2:Forward,1:Not,+,0.996
57,2:Forward,2:Forward,,0.983
58,2:Forward,2:Forward,,1
59,2:Forward,1:Not,+,0.626
60,2:Forward,2:Forward,,0.999
61,2:Forward,2:Forward,,0.603
62,2:Forward,2:Forward,,1
63,2:Forward,2:Forward,,0.998
64,2:Forward,2:Forward,,0.971
65,2:Forward,2:Forward,,1
66,2:Forward,2:Forward,,0.516
67,2:Forward,2:Forward,,0.999
68,2:Forward,2:Forward,,1
69,2:Forward,2:Forward,,0.964
70,4:Left,4:Left,,0.969
71,4:Left,4:Left,,0.98
72,4:Left,4:Left,,1
73,4:Left,4:Left,,0.998
74,4:Left,4:Left,,1
75,4:Left,4:Left,,0.999
76,4:Left,4:Left,,1
77,4:Left,4:Left,,0.988
78,4:Left,3:Right,+,0.662
79,4:Left,4:Left,,0.693
80,4:Left,4:Left,,1
81,4:Left,4:Left,,0.897
82,4:Left,4:Left,,1
83,4:Left,3:Right,+,0.832
84,4:Left,1:Not,+,0.999
85,4:Left,4:Left,,1
86,3:Right,3:Right,,0.914
87,3:Right,3:Right,,0.827
88,3:Right,4:Left,+,0.964
89,3:Right,3:Right,,0.499
90,3:Right,3:Right,,0.616
91,3:Right,1:Not,+,0.633
92,3:Right,3:Right,,0.832
93,3:Right,3:Right,,0.686
94,3:Right,3:Right,,0.832
95,3:Right,3:Right,,0.811
96,3:Right,3:Right,,0.999
97,3:Right,1:Not,+,0.932
98,3:Right,3:Right,,1
99,3:Right,3:Right,,0.814
100,3:Right,3:Right,,0.993
101,3:Right,3:Right,,0.986
102,3:Right,3:Right,,0.832
103,3:Right,1:Not,+,0.557
104,3:Right,1:Not,+,0.998
1,1:Not,3:Right,+,0.992
2,1:Not,3:Right,+,0.943
3,1:Not,1:Not,,0.706
4,1:Not,1:Not,,0.927
5,1:Not,1:Not,,0.817
6,1:Not,1:Not,,0.926
7,1:Not,1:Not,,0.974
8,1:Not,1:Not,,0.681
9,1:Not,3:Right,+,0.959
10,1:Not,1:Not,,0.742
11,1:Not,1:Not,,0.771
12,1:Not,1:Not,,0.926
13,1:Not,1:Not,,0.928
14,1:Not,2:Forward,+,0.765
15,1:Not,1:Not,,0.98
16,1:Not,1:Not,,0.777
17,1:Not,1:Not,,0.925
18,1:Not,1:Not,,0.928
19,1:Not,1:Not,,0.776
20,1:Not,1:Not,,0.54
21,1:Not,1:Not,,0.981
22,1:Not,1:Not,,0.927
23,1:Not,1:Not,,0.914
24,1:Not,1:Not,,0.97
25,1:Not,1:Not,,0.928
26,1:Not,1:Not,,0.97
27,1:Not,2:Forward,+,0.526
28,1:Not,1:Not,,0.801
29,1:Not,1:Not,,0.678
30,1:Not,3:Right,+,0.984
31,1:Not,2:Forward,+,0.764
32,1:Not,1:Not,,0.706
33,1:Not,2:Forward,+,0.699
34,2:Forward,2:Forward,,0.764
35,2:Forward,2:Forward,,0.923
36,2:Forward,2:Forward,,0.579
37,2:Forward,2:Forward,,0.908
38,2:Forward,2:Forward,,0.522
39,2:Forward,2:Forward,,0.919
40,2:Forward,2:Forward,,0.925
41,2:Forward,2:Forward,,0.918
42,2:Forward,2:Forward,,0.593
43,2:Forward,2:Forward,,0.901
44,2:Forward,2:Forward,,0.893
45,2:Forward,2:Forward,,0.922
46,2:Forward,2:Forward,,0.899
47,2:Forward,2:Forward,,0.663
48,2:Forward,2:Forward,,0.521
49,2:Forward,2:Forward,,0.929
50,2:Forward,2:Forward,,0.778
51,2:Forward,2:Forward,,0.918
52,2:Forward,2:Forward,,0.852
53,2:Forward,2:Forward,,0.932
54,2:Forward,2:Forward,,0.819
55,2:Forward,2:Forward,,0.899
56,2:Forward,2:Forward,,0.764
57,2:Forward,2:Forward,,0.906
58,2:Forward,2:Forward,,0.646
59,2:Forward,2:Forward,,0.929
60,2:Forward,2:Forward,,0.905
61,2:Forward,2:Forward,,0.909
62,2:Forward,2:Forward,,0.922
63,2:Forward,2:Forward,,0.737
64,2:Forward,2:Forward,,0.756
65,2:Forward,2:Forward,,0.605
66,2:Forward,2:Forward,,0.94
67,2:Forward,2:Forward,,0.91
68,2:Forward,2:Forward,,0.578
69,2:Forward,2:Forward,,0.923
70,4:Left,4:Left,,0.934
71,4:Left,4:Left,,0.923
72,4:Left,4:Left,,0.886
73,4:Left,3:Right,+,0.875
74,4:Left,4:Left,,0.936
75,4:Left,4:Left,,0.936
76,4:Left,4:Left,,0.92
77,4:Left,4:Left,,0.929
78,4:Left,4:Left,,0.936
79,4:Left,4:Left,,0.961
80,4:Left,4:Left,,0.832
81,4:Left,4:Left,,0.756
82,4:Left,4:Left,,0.886
83,4:Left,4:Left,,0.936
84,4:Left,4:Left,,0.99
85,4:Left,2:Forward,+,0.669
86,3:Right,3:Right,,0.991
87,3:Right,3:Right,,0.676
88,3:Right,3:Right,,0.93
89,3:Right,3:Right,,0.928
90,3:Right,3:Right,,0.878
91,3:Right,3:Right,,0.912
92,3:Right,3:Right,,0.673
93,3:Right,1:Not,+,0.777
94,3:Right,3:Right,,0.966
95,3:Right,3:Right,,0.613
96,3:Right,3:Right,,0.595
97,3:Right,3:Right,,0.96
98,3:Right,3:Right,,0.924
99,3:Right,3:Right,,0.964
100,3:Right,3:Right,,0.998
101,3:Right,3:Right,,0.672
102,3:Right,3:Right,,0.913
103,3:Right,3:Right,,0.881
104,3:Right,3:Right,,0.966
1,1:Not,1:Not,,0.692
2,1:Not,1:Not,,0.79
3,1:Not,1:Not,,0.679
4,1:Not,1:Not,,1
5,1:Not,1:Not,,0.989
6,1:Not,1:Not,,0.987
7,1:Not,1:Not,,0.515
8,1:Not,2:Forward,+,0.756
9,1:Not,1:Not,,0.812
10,1:Not,1:Not,,0.584
11,1:Not,1:Not,,0.994
12,1:Not,1:Not,,1
13,1:Not,1:Not,,0.981
14,1:Not,1:Not,,0.996
15,1:Not,2:Forward,+,0.762
16,1:Not,1:Not,,0.997
17,1:Not,1:Not,,0.994
18,1:Not,1:Not,,0.82
19,1:Not,1:Not,,0.984
20,1:Not,1:Not,,0.523
21,1:Not,1:Not,,0.536
22,1:Not,3:Right,+,0.931
23,1:Not,1:Not,,0.892
24,1:Not,1:Not,,0.557
25,1:Not,1:Not,,0.7
26,1:Not,1:Not,,0.996
27,1:Not,2:Forward,+,1
28,1:Not,1:Not,,0.926
29,1:Not,1:Not,,1
30,1:Not,1:Not,,0.91
31,1:Not,1:Not,,0.989
32,1:Not,1:Not,,0.504
33,1:Not,3:Right,+,0.59
34,2:Forward,2:Forward,,0.971
35,2:Forward,2:Forward,,0.793
36,2:Forward,2:Forward,,0.99
37,2:Forward,2:Forward,,0.673
38,2:Forward,2:Forward,,0.903
39,2:Forward,1:Not,+,0.566
40,2:Forward,2:Forward,,0.843
41,2:Forward,2:Forward,,0.999
42,2:Forward,2:Forward,,0.586
43,2:Forward,2:Forward,,1
44,2:Forward,2:Forward,,0.866
45,2:Forward,1:Not,+,0.592
46,2:Forward,1:Not,+,0.621
47,2:Forward,2:Forward,,1
48,2:Forward,2:Forward,,0.837
49,2:Forward,2:Forward,,0.952
50,2:Forward,2:Forward,,1
51,2:Forward,2:Forward,,1
52,2:Forward,2:Forward,,0.528
53,2:Forward,2:Forward,,0.986
54,2:Forward,1:Not,+,0.55
55,2:Forward,2:Forward,,0.981
56,2:Forward,1:Not,+,0.505
57,2:Forward,2:Forward,,1
58,2:Forward,2:Forward,,0.971
59,2:Forward,2:Forward,,1
60,2:Forward,2:Forward,,0.943
61,2:Forward,2:Forward,,0.978
62,2:Forward,2:Forward,,0.991
63,2:Forward,2:Forward,,0.923
64,2:Forward,1:Not,+,0.517
65,2:Forward,2:Forward,,1
66,2:Forward,2:Forward,,0.998
67,2:Forward,2:Forward,,0.916
68,2:Forward,1:Not,+,0.984
69,2:Forward,2:Forward,,0.999
70,4:Left,4:Left,,1
71,4:Left,4:Left,,0.999
72,4:Left,4:Left,,0.999
73,4:Left,4:Left,,0.899
74,4:Left,2:Forward,+,0.964
75,4:Left,4:Left,,0.991
76,4:Left,1:Not,+,0.624
77,4:Left,4:Left,,0.999
78,4:Left,4:Left,,0.998
79,4:Left,4:Left,,0.999
80,4:Left,4:Left,,0.997
81,4:Left,4:Left,,1
82,4:Left,4:Left,,0.981
83,4:Left,4:Left,,0.968
84,4:Left,4:Left,,0.999
85,4:Left,1:Not,+,0.999
86,3:Right,3:Right,,0.992
87,3:Right,3:Right,,0.986
88,3:Right,3:Right,,0.987
89,3:Right,3:Right,,0.999
90,3:Right,3:Right,,0.945
91,3:Right,3:Right,,0.973
92,3:Right,4:Left,+,0.912
93,3:Right,3:Right,,0.993
94,3:Right,4:Left,+,0.668
95,3:Right,3:Right,,0.98
96,3:Right,3:Right,,0.744
97,3:Right,3:Right,,1
98,3:Right,3:Right,,0.993
99,3:Right,1:Not,+,0.548
100,3:Right,3:Right,,0.992
101,3:Right,4:Left,+,0.763
102,3:Right,3:Right,,1
103,3:Right,3:Right,,0.955
104,3:Right,3:Right,,1
1,1:Not,1:Not,,0.978
2,1:Not,1:Not,,1
3,1:Not,1:Not,,1
4,1:Not,1:Not,,1
5,1:Not,1:Not,,0.993
6,1:Not,1:Not,,1
7,1:Not,1:Not,,0.991
8,1:Not,1:Not,,1
9,1:Not,1:Not,,0.59
10,1:Not,2:Forward,+,0.622
11,1:Not,1:Not,,1
12,1:Not,1:Not,,0.734
13,1:Not,1:Not,,1
14,1:Not,3:Right,+,0.867
15,1:Not,1:Not,,1
16,1:Not,1:Not,,1
17,1:Not,1:Not,,0.998
18,1:Not,1:Not,,1
19,1:Not,1:Not,,0.973
20,1:Not,1:Not,,0.638
21,1:Not,1:Not,,0.973
22,1:Not,1:Not,,0.656
23,1:Not,1:Not,,0.973
24,1:Not,1:Not,,1
25,1:Not,1:Not,,0.988
26,1:Not,1:Not,,0.981
27,1:Not,1:Not,,0.636
28,1:Not,1:Not,,0.998
29,1:Not,1:Not,,0.639
30,1:Not,1:Not,,0.999
31,1:Not,1:Not,,0.928
32,1:Not,1:Not,,1
33,1:Not,1:Not,,0.989
34,2:Forward,2:Forward,,0.998
35,2:Forward,2:Forward,,0.89
36,2:Forward,2:Forward,,0.898
37,2:Forward,2:Forward,,0.979
38,2:Forward,2:Forward,,0.996
39,2:Forward,1:Not,+,0.587
40,2:Forward,2:Forward,,0.994
41,2:Forward,2:Forward,,0.511
42,2:Forward,1:Not,+,0.558
43,2:Forward,2:Forward,,0.889
44,2:Forward,2:Forward,,0.939
45,2:Forward,4:Left,+,0.63
46,2:Forward,2:Forward,,0.89
47,2:Forward,2:Forward,,0.996
48,2:Forward,2:Forward,,0.892
49,2:Forward,1:Not,+,0.645
50,2:Forward,2:Forward,,0.891
51,2:Forward,2:Forward,,0.512
52,2:Forward,2:Forward,,0.888
53,2:Forward,2:Forward,,0.923
54,2:Forward,1:Not,+,0.599
55,2:Forward,2:Forward,,0.996
56,2:Forward,2:Forward,,0.998
57,2:Forward,1:Not,+,0.892
58,2:Forward,2:Forward,,0.794
59,2:Forward,1:Not,+,0.641
60,2:Forward,2:Forward,,0.966
61,2:Forward,2:Forward,,0.89
62,2:Forward,2:Forward,,0.998
63,2:Forward,2:Forward,,0.991
64,2:Forward,2:Forward,,0.907
65,2:Forward,2:Forward,,0.897
66,2:Forward,1:Not,+,0.592
67,2:Forward,4:Left,+,0.706
68,2:Forward,2:Forward,,0.999
69,2:Forward,2:Forward,,0.89
70,4:Left,3:Right,+,0.8
71,4:Left,2:Forward,+,0.994
72,4:Left,4:Left,,0.947
73,4:Left,1:Not,+,1
74,4:Left,1:Not,+,1
75,4:Left,4:Left,,0.954
76,4:Left,4:Left,,0.992
77,4:Left,4:Left,,0.961
78,4:Left,4:Left,,0.605
79,4:Left,1:Not,+,1
80,4:Left,1:Not,+,1
81,4:Left,3:Right,+,0.847
82,4:Left,4:Left,,0.935
83,4:Left,4:Left,,0.993
84,4:Left,4:Left,,0.909
85,4:Left,4:Left,,0.972
86,3:Right,4:Left,+,0.851
87,3:Right,3:Right,,0.998
88,3:Right,3:Right,,0.998
89,3:Right,3:Right,,0.984
90,3:Right,3:Right,,0.847
91,3:Right,3:Right,,0.998
92,3:Right,3:Right,,0.996
93,3:Right,3:Right,,0.841
94,3:Right,3:Right,,0.996
95,3:Right,3:Right,,0.996
96,3:Right,3:Right,,0.997
97,3:Right,3:Right,,0.997
98,3:Right,3:Right,,0.976
99,3:Right,1:Not,+,0.592
100,3:Right,3:Right,,0.769
101,3:Right,3:Right,,0.966
102,3:Right,3:Right,,0.881
103,3:Right,3:Right,,0.991
104,3:Right,3:Right,,0.845
1,1:Not,2:Forward,+,0.529
2,1:Not,1:Not,,0.896
3,1:Not,3:Right,+,0.643
4,1:Not,1:Not,,0.928
5,1:Not,2:Forward,+,0.681
6,1:Not,1:Not,,0.968
7,1:Not,1:Not,,0.922
8,1:Not,1:Not,,0.917
9,1:Not,2:Forward,+,0.93
10,1:Not,2:Forward,+,0.576
11,1:Not,1:Not,,0.98
12,1:Not,1:Not,,0.999
13,1:Not,2:Forward,+,0.883
14,1:Not,3:Right,+,0.651
15,1:Not,1:Not,,0.752
16,1:Not,1:Not,,0.925
17,1:Not,1:Not,,0.902
18,1:Not,1:Not,,0.986
19,1:Not,1:Not,,0.836
20,1:Not,2:Forward,+,0.86
21,1:Not,2:Forward,+,0.564
22,1:Not,1:Not,,0.902
23,1:Not,2:Forward,+,0.501
24,1:Not,1:Not,,0.924
25,1:Not,2:Forward,+,0.537
26,1:Not,1:Not,,0.945
27,1:Not,1:Not,,1
28,1:Not,1:Not,,0.925
29,1:Not,2:Forward,+,0.673
30,1:Not,1:Not,,0.938
31,1:Not,2:Forward,+,0.854
32,1:Not,1:Not,,0.998
33,1:Not,1:Not,,0.904
34,2:Forward,2:Forward,,0.544
35,2:Forward,1:Not,+,0.915
36,2:Forward,2:Forward,,0.883
37,2:Forward,2:Forward,,0.531
38,2:Forward,2:Forward,,0.98
39,2:Forward,2:Forward,,0.887
40,2:Forward,2:Forward,,0.854
41,2:Forward,2:Forward,,0.859
42,2:Forward,1:Not,+,0.753
43,2:Forward,2:Forward,,0.804
44,2:Forward,2:Forward,,0.887
45,2:Forward,2:Forward,,0.829
46,2:Forward,2:Forward,,0.886
47,2:Forward,2:Forward,,0.864
48,2:Forward,2:Forward,,0.887
49,2:Forward,1:Not,+,0.997
50,2:Forward,1:Not,+,0.736
51,2:Forward,2:Forward,,0.854
52,2:Forward,2:Forward,,0.887
53,2:Forward,1:Not,+,0.973
54,2:Forward,2:Forward,,0.886
55,2:Forward,2:Forward,,0.853
56,2:Forward,2:Forward,,0.836
57,2:Forward,2:Forward,,0.887
58,2:Forward,2:Forward,,0.741
59,2:Forward,2:Forward,,0.844
60,2:Forward,2:Forward,,0.826
61,2:Forward,2:Forward,,0.783
62,2:Forward,2:Forward,,0.871
63,2:Forward,2:Forward,,0.888
64,2:Forward,2:Forward,,0.887
65,2:Forward,2:Forward,,0.815
66,2:Forward,2:Forward,,0.869
67,2:Forward,2:Forward,,0.865
68,2:Forward,2:Forward,,0.887
69,2:Forward,2:Forward,,0.776
70,4:Left,4:Left,,0.984
71,4:Left,4:Left,,0.571
72,4:Left,4:Left,,0.816
73,4:Left,4:Left,,0.965
74,4:Left,4:Left,,0.914
75,4:Left,4:Left,,0.972
76,4:Left,4:Left,,0.965
77,4:Left,4:Left,,0.973
78,4:Left,4:Left,,0.964
79,4:Left,1:Not,+,0.922
80,4:Left,4:Left,,0.973
81,4:Left,1:Not,+,0.443
82,4:Left,1:Not,+,0.92
83,4:Left,4:Left,,0.974
84,4:Left,2:Forward,+,0.886
85,4:Left,4:Left,,0.965
86,3:Right,3:Right,,0.995
87,3:Right,3:Right,,0.997
88,3:Right,3:Right,,0.998
89,3:Right,4:Left,+,0.661
90,3:Right,3:Right,,0.995
91,3:Right,3:Right,,0.936
92,3:Right,3:Right,,0.984
93,3:Right,3:Right,,0.994
94,3:Right,3:Right,,0.964
95,3:Right,3:Right,,0.935
96,3:Right,4:Left,+,0.851
97,3:Right,3:Right,,0.924
98,3:Right,3:Right,,0.974
99,3:Right,3:Right,,0.992
100,3:Right,3:Right,,0.996
101,3:Right,4:Left,+,0.908
102,3:Right,3:Right,,0.654
103,3:Right,3:Right,,0.936
104,3:Right,3:Right,,0.91
1,1:Not,1:Not,,0.919
2,1:Not,1:Not,,0.96
3,1:Not,1:Not,,0.928
4,1:Not,1:Not,,0.919
5,1:Not,1:Not,,0.777
6,1:Not,1:Not,,0.963
7,1:Not,2:Forward,+,0.772
8,1:Not,1:Not,,0.508
9,1:Not,1:Not,,0.722
10,1:Not,1:Not,,0.998
11,1:Not,1:Not,,0.919
12,1:Not,1:Not,,0.834
13,1:Not,1:Not,,0.997
14,1:Not,1:Not,,0.919
15,1:Not,1:Not,,0.96
16,1:Not,1:Not,,0.917
17,1:Not,1:Not,,0.813
18,1:Not,2:Forward,+,0.418
19,1:Not,1:Not,,0.579
20,1:Not,3:Right,+,0.97
21,1:Not,1:Not,,0.989
22,1:Not,1:Not,,0.55
23,1:Not,1:Not,,0.997
24,1:Not,1:Not,,0.959
25,1:Not,2:Forward,+,0.772
26,1:Not,1:Not,,0.92
27,1:Not,1:Not,,0.812
28,1:Not,1:Not,,0.96
29,1:Not,1:Not,,0.996
30,1:Not,1:Not,,0.756
31,1:Not,1:Not,,0.759
32,1:Not,1:Not,,0.92
33,1:Not,2:Forward,+,0.687
34,2:Forward,2:Forward,,0.972
35,2:Forward,2:Forward,,0.771
36,2:Forward,2:Forward,,0.973
37,2:Forward,2:Forward,,0.772
38,2:Forward,2:Forward,,0.976
39,2:Forward,1:Not,+,0.963
40,2:Forward,2:Forward,,0.771
41,2:Forward,2:Forward,,0.772
42,2:Forward,1:Not,+,0.928
43,2:Forward,2:Forward,,0.747
44,2:Forward,2:Forward,,0.98
45,2:Forward,2:Forward,,0.977
46,2:Forward,1:Not,+,0.964
47,2:Forward,2:Forward,,0.97
48,2:Forward,2:Forward,,0.971
49,2:Forward,2:Forward,,0.761
50,2:Forward,2:Forward,,0.951
51,2:Forward,1:Not,+,0.613
52,2:Forward,2:Forward,,0.613
53,2:Forward,2:Forward,,0.963
54,2:Forward,2:Forward,,0.91
55,2:Forward,2:Forward,,0.976
56,2:Forward,2:Forward,,0.966
57,2:Forward,2:Forward,,0.883
58,2:Forward,2:Forward,,0.75
59,2:Forward,2:Forward,,0.963
60,2:Forward,2:Forward,,0.708
61,2:Forward,2:Forward,,0.974
62,2:Forward,2:Forward,,0.97
63,2:Forward,2:Forward,,0.767
64,2:Forward,2:Forward,,0.979
65,2:Forward,2:Forward,,0.951
66,2:Forward,2:Forward,,0.98
67,2:Forward,2:Forward,,0.768
68,2:Forward,2:Forward,,0.978
69,2:Forward,1:Not,+,0.791
70,4:Left,4:Left,,0.999
71,4:Left,4:Left,,0.901
72,4:Left,4:Left,,0.997
73,4:Left,4:Left,,0.921
74,4:Left,1:Not,+,0.394
75,4:Left,4:Left,,0.957
76,4:Left,4:Left,,0.924
77,4:Left,4:Left,,0.983
78,4:Left,3:Right,+,0.76
79,4:Left,4:Left,,0.991
80,4:Left,4:Left,,0.974
81,4:Left,4:Left,,0.815
82,4:Left,2:Forward,+,0.935
83,4:Left,4:Left,,0.98
84,4:Left,1:Not,+,0.874
85,4:Left,4:Left,,0.999
86,3:Right,3:Right,,0.917
87,3:Right,3:Right,,0.764
88,3:Right,3:Right,,0.999
89,3:Right,3:Right,,0.951
90,3:Right,4:Left,+,0.876
91,3:Right,3:Right,,0.983
92,3:Right,3:Right,,0.967
93,3:Right,4:Left,+,0.84
94,3:Right,3:Right,,0.971
95,3:Right,3:Right,,0.996
96,3:Right,3:Right,,0.969
97,3:Right,1:Not,+,0.736
98,3:Right,3:Right,,0.962
99,3:Right,3:Right,,0.993
100,3:Right,3:Right,,0.965
101,3:Right,3:Right,,0.997
102,3:Right,3:Right,,0.946
103,3:Right,4:Left,+,0.999
104,3:Right,3:Right,,0.999
1,1:Not,1:Not,,0.588
2,1:Not,2:Forward,+,0.756
3,1:Not,2:Forward,+,0.993
4,1:Not,1:Not,,0.996
5,1:Not,2:Forward,+,0.727
6,1:Not,1:Not,,0.971
7,1:Not,1:Not,,0.691
8,1:Not,1:Not,,0.988
9,1:Not,2:Forward,+,0.617
10,1:Not,2:Forward,+,0.605
11,1:Not,1:Not,,0.862
12,1:Not,4:Left,+,0.939
13,1:Not,1:Not,,0.6
14,1:Not,1:Not,,0.51
15,1:Not,1:Not,,0.884
16,1:Not,1:Not,,0.959
17,1:Not,1:Not,,0.956
18,1:Not,1:Not,,0.774
19,1:Not,1:Not,,0.599
20,1:Not,1:Not,,0.538
21,1:Not,1:Not,,0.621
22,1:Not,1:Not,,0.98
23,1:Not,1:Not,,0.964
24,1:Not,1:Not,,0.906
25,1:Not,3:Right,+,0.869
26,1:Not,1:Not,,0.643
27,1:Not,1:Not,,0.643
28,1:Not,1:Not,,0.947
29,1:Not,2:Forward,+,0.727
30,1:Not,1:Not,,0.996
31,1:Not,1:Not,,0.967
32,1:Not,2:Forward,+,0.727
33,1:Not,3:Right,+,0.886
34,2:Forward,2:Forward,,0.91
35,2:Forward,2:Forward,,0.918
36,2:Forward,2:Forward,,0.998
37,2:Forward,2:Forward,,0.909
38,2:Forward,2:Forward,,0.995
39,2:Forward,2:Forward,,0.97
40,2:Forward,1:Not,+,0.995
41,2:Forward,2:Forward,,0.731
42,2:Forward,2:Forward,,0.997
43,2:Forward,2:Forward,,0.914
44,2:Forward,2:Forward,,0.917
45,2:Forward,2:Forward,,1
46,2:Forward,2:Forward,,1
47,2:Forward,2:Forward,,0.784
48,2:Forward,2:Forward,,0.978
49,2:Forward,4:Left,+,0.654
50,2:Forward,2:Forward,,0.941
51,2:Forward,2:Forward,,0.759
52,2:Forward,2:Forward,,0.752
53,2:Forward,2:Forward,,0.985
54,2:Forward,2:Forward,,1
55,2:Forward,2:Forward,,0.863
56,2:Forward,2:Forward,,0.997
57,2:Forward,2:Forward,,0.788
58,2:Forward,2:Forward,,0.851
59,2:Forward,2:Forward,,0.767
60,2:Forward,2:Forward,,0.988
61,2:Forward,2:Forward,,0.914
62,2:Forward,2:Forward,,0.914
63,2:Forward,2:Forward,,0.999
64,2:Forward,2:Forward,,0.924
65,2:Forward,2:Forward,,0.93
66,2:Forward,2:Forward,,0.904
67,2:Forward,2:Forward,,0.768
68,2:Forward,2:Forward,,0.728
69,2:Forward,2:Forward,,1
70,4:Left,4:Left,,1
71,4:Left,4:Left,,0.999
72,4:Left,4:Left,,0.573
73,4:Left,4:Left,,1
74,4:Left,4:Left,,0.999
75,4:Left,4:Left,,1
76,4:Left,3:Right,+,0.787
77,4:Left,4:Left,,1
78,4:Left,4:Left,,0.8
79,4:Left,4:Left,,1
80,4:Left,4:Left,,0.807
81,4:Left,4:Left,,0.571
82,4:Left,4:Left,,0.999
83,4:Left,4:Left,,0.589
84,4:Left,4:Left,,0.999
85,4:Left,4:Left,,0.999
86,3:Right,3:Right,,0.888
87,3:Right,3:Right,,0.996
88,3:Right,3:Right,,0.915
89,3:Right,3:Right,,0.939
90,3:Right,1:Not,+,0.995
91,3:Right,3:Right,,0.91
92,3:Right,3:Right,,0.938
93,3:Right,3:Right,,0.997
94,3:Right,3:Right,,0.95
95,3:Right,3:Right,,0.985
96,3:Right,1:Not,+,0.619
97,3:Right,3:Right,,0.91
98,3:Right,1:Not,+,0.575
99,3:Right,3:Right,,0.933
100,3:Right,3:Right,,0.934
101,3:Right,3:Right,,0.956
102,3:Right,3:Right,,0.924
103,3:Right,3:Right,,0.978
104,3:Right,3:Right,,0.997
1,1:Not,2:Forward,+,0.957
2,1:Not,1:Not,,0.874
3,1:Not,2:Forward,+,0.933
4,1:Not,1:Not,,0.875
5,1:Not,1:Not,,0.922
6,1:Not,1:Not,,0.974
7,1:Not,1:Not,,0.973
8,1:Not,1:Not,,0.935
9,1:Not,1:Not,,0.876
10,1:Not,1:Not,,0.719
11,1:Not,1:Not,,0.961
12,1:Not,2:Forward,+,0.793
13,1:Not,1:Not,,0.876
14,1:Not,1:Not,,0.941
15,1:Not,1:Not,,0.875
16,1:Not,1:Not,,0.876
17,1:Not,3:Right,+,0.519
18,1:Not,1:Not,,0.734
19,1:Not,1:Not,,0.929
20,1:Not,1:Not,,0.947
21,1:Not,1:Not,,0.875
22,1:Not,1:Not,,0.54
23,1:Not,2:Forward,+,0.81
24,1:Not,1:Not,,0.642
25,1:Not,1:Not,,0.852
26,1:Not,1:Not,,0.877
27,1:Not,2:Forward,+,0.663
28,1:Not,1:Not,,0.6
29,1:Not,1:Not,,0.947
30,1:Not,2:Forward,+,0.668
31,1:Not,1:Not,,0.996
32,1:Not,1:Not,,0.831
33,2:Forward,2:Forward,,0.788
34,2:Forward,2:Forward,,0.718
35,2:Forward,2:Forward,,0.936
36,2:Forward,2:Forward,,0.927
37,2:Forward,2:Forward,,0.999
38,2:Forward,2:Forward,,0.999
39,2:Forward,2:Forward,,0.998
40,2:Forward,2:Forward,,0.953
41,2:Forward,2:Forward,,0.957
42,2:Forward,2:Forward,,0.752
43,2:Forward,2:Forward,,0.996
44,2:Forward,2:Forward,,0.67
45,2:Forward,2:Forward,,0.987
46,2:Forward,2:Forward,,0.997
47,2:Forward,2:Forward,,0.778
48,2:Forward,2:Forward,,0.957
49,2:Forward,2:Forward,,0.957
50,2:Forward,2:Forward,,0.958
51,2:Forward,2:Forward,,0.958
52,2:Forward,1:Not,+,0.874
53,2:Forward,2:Forward,,0.616
54,2:Forward,2:Forward,,0.962
55,2:Forward,2:Forward,,0.998
56,2:Forward,2:Forward,,0.952
57,2:Forward,2:Forward,,0.951
58,2:Forward,2:Forward,,0.957
59,2:Forward,2:Forward,,0.793
60,2:Forward,2:Forward,,0.951
61,2:Forward,2:Forward,,0.992
62,2:Forward,2:Forward,,0.791
63,2:Forward,2:Forward,,0.957
64,2:Forward,2:Forward,,0.995
65,2:Forward,2:Forward,,0.957
66,2:Forward,2:Forward,,0.931
67,2:Forward,1:Not,+,0.876
68,2:Forward,2:Forward,,0.958
69,2:Forward,2:Forward,,0.795
70,4:Left,4:Left,,0.99
71,4:Left,4:Left,,0.852
72,4:Left,4:Left,,0.995
73,4:Left,4:Left,,0.881
74,4:Left,4:Left,,0.982
75,4:Left,4:Left,,0.995
76,4:Left,4:Left,,0.696
77,4:Left,4:Left,,0.885
78,4:Left,4:Left,,0.995
79,4:Left,4:Left,,0.895
80,4:Left,4:Left,,0.916
81,4:Left,4:Left,,0.564
82,4:Left,4:Left,,0.995
83,4:Left,4:Left,,0.96
84,4:Left,4:Left,,0.982
85,4:Left,4:Left,,0.87
86,3:Right,3:Right,,0.981
87,3:Right,3:Right,,0.911
88,3:Right,3:Right,,0.913
89,3:Right,4:Left,+,0.891
90,3:Right,4:Left,+,0.4
91,3:Right,3:Right,,0.995
92,3:Right,3:Right,,0.996
93,3:Right,3:Right,,0.996
94,3:Right,3:Right,,0.957
95,3:Right,3:Right,,0.992
96,3:Right,3:Right,,0.995
97,3:Right,3:Right,,0.996
98,3:Right,3:Right,,0.994
99,3:Right,3:Right,,0.995
100,3:Right,3:Right,,0.979
101,3:Right,3:Right,,0.995
102,3:Right,3:Right,,0.99
103,3:Right,3:Right,,0.966
104,3:Right,3:Right,,0.991
1,1:Not,3:Right,+,1
2,1:Not,2:Forward,+,0.536
3,1:Not,2:Forward,+,0.713
4,1:Not,1:Not,,0.942
5,1:Not,2:Forward,+,0.694
6,1:Not,1:Not,,0.94
7,1:Not,1:Not,,0.93
8,1:Not,1:Not,,0.837
9,1:Not,3:Right,+,0.94
10,1:Not,1:Not,,1
11,1:Not,3:Right,+,0.798
12,1:Not,1:Not,,0.944
13,1:Not,1:Not,,0.942
14,1:Not,1:Not,,0.943
15,1:Not,1:Not,,0.945
16,1:Not,1:Not,,1
17,1:Not,1:Not,,0.932
18,1:Not,3:Right,+,0.998
19,1:Not,1:Not,,1
20,1:Not,1:Not,,0.751
21,1:Not,3:Right,+,0.97
22,1:Not,1:Not,,1
23,1:Not,1:Not,,0.945
24,1:Not,2:Forward,+,0.99
25,1:Not,1:Not,,0.945
26,1:Not,1:Not,,0.945
27,1:Not,1:Not,,0.778
28,1:Not,2:Forward,+,0.534
29,1:Not,1:Not,,0.959
30,1:Not,1:Not,,1
31,1:Not,1:Not,,0.978
32,1:Not,1:Not,,0.585
33,2:Forward,2:Forward,,0.988
34,2:Forward,2:Forward,,1
35,2:Forward,2:Forward,,0.717
36,2:Forward,2:Forward,,0.707
37,2:Forward,2:Forward,,0.988
38,2:Forward,2:Forward,,0.819
39,2:Forward,2:Forward,,0.987
40,2:Forward,2:Forward,,0.944
41,2:Forward,2:Forward,,0.986
42,2:Forward,2:Forward,,0.568
43,2:Forward,2:Forward,,0.991
44,2:Forward,2:Forward,,0.641
45,2:Forward,2:Forward,,0.759
46,2:Forward,2:Forward,,0.691
47,2:Forward,1:Not,+,0.654
48,2:Forward,2:Forward,,0.727
49,2:Forward,2:Forward,,0.771
50,2:Forward,2:Forward,,0.966
51,2:Forward,2:Forward,,0.692
52,2:Forward,2:Forward,,0.693
53,2:Forward,1:Not,+,0.942
54,2:Forward,2:Forward,,0.981
55,2:Forward,2:Forward,,0.982
56,2:Forward,2:Forward,,0.987
57,2:Forward,2:Forward,,1
58,2:Forward,2:Forward,,0.983
59,2:Forward,2:Forward,,0.987
60,2:Forward,2:Forward,,0.69
61,2:Forward,2:Forward,,0.982
62,2:Forward,2:Forward,,0.635
63,2:Forward,2:Forward,,0.693
64,2:Forward,2:Forward,,0.99
65,2:Forward,2:Forward,,0.99
66,2:Forward,2:Forward,,0.623
67,2:Forward,2:Forward,,0.917
68,2:Forward,2:Forward,,1
69,2:Forward,2:Forward,,0.987
70,4:Left,4:Left,,0.97
71,4:Left,4:Left,,0.888
72,4:Left,4:Left,,0.999
73,4:Left,4:Left,,0.892
74,4:Left,4:Left,,0.868
75,4:Left,4:Left,,0.886
76,4:Left,4:Left,,0.882
77,4:Left,4:Left,,0.999
78,4:Left,4:Left,,0.873
79,4:Left,1:Not,+,1
80,4:Left,4:Left,,0.884
81,4:Left,4:Left,,0.885
82,4:Left,4:Left,,0.904
83,4:Left,1:Not,+,0.978
84,4:Left,4:Left,,0.819
85,4:Left,1:Not,+,1
86,3:Right,3:Right,,1
87,3:Right,3:Right,,0.816
88,3:Right,3:Right,,0.801
89,3:Right,3:Right,,0.838
90,3:Right,3:Right,,1
91,3:Right,3:Right,,0.504
92,3:Right,3:Right,,1
93,3:Right,3:Right,,0.805
94,3:Right,4:Left,+,0.877
95,3:Right,3:Right,,1
96,3:Right,3:Right,,0.798
97,3:Right,3:Right,,0.995
98,3:Right,3:Right,,0.955
99,3:Right,3:Right,,0.997
100,3:Right,3:Right,,1
101,3:Right,3:Right,,0.996
102,3:Right,3:Right,,1
103,3:Right,3:Right,,1
104,3:Right,3:Right,,1
1,1:Not,2:Forward,+,0.576
2,1:Not,1:Not,,0.981
3,1:Not,1:Not,,0.971
4,1:Not,1:Not,,0.963
5,1:Not,2:Forward,+,0.743
6,1:Not,1:Not,,0.487
7,1:Not,1:Not,,0.503
8,1:Not,2:Forward,+,0.929
9,1:Not,1:Not,,0.918
10,1:Not,1:Not,,0.963
11,1:Not,1:Not,,0.952
12,1:Not,1:Not,,0.915
13,1:Not,2:Forward,+,0.966
14,1:Not,1:Not,,0.964
15,1:Not,1:Not,,0.492
16,1:Not,1:Not,,0.431
17,1:Not,3:Right,+,0.826
18,1:Not,1:Not,,0.724
19,1:Not,2:Forward,+,0.958
20,1:Not,1:Not,,0.971
21,1:Not,1:Not,,0.962
22,1:Not,1:Not,,0.479
23,1:Not,1:Not,,0.954
24,1:Not,2:Forward,+,0.638
25,1:Not,1:Not,,0.963
26,1:Not,2:Forward,+,0.654
27,1:Not,2:Forward,+,0.548
28,1:Not,2:Forward,+,0.897
29,1:Not,2:Forward,+,0.705
30,1:Not,2:Forward,+,0.694
31,1:Not,1:Not,,0.963
32,1:Not,1:Not,,0.962
33,2:Forward,2:Forward,,0.71
34,2:Forward,2:Forward,,0.471
35,2:Forward,1:Not,+,0.478
36,2:Forward,2:Forward,,0.57
37,2:Forward,2:Forward,,0.92
38,2:Forward,2:Forward,,0.925
39,2:Forward,2:Forward,,0.938
40,2:Forward,2:Forward,,0.801
41,2:Forward,2:Forward,,0.944
42,2:Forward,2:Forward,,0.601
43,2:Forward,2:Forward,,0.862
44,2:Forward,2:Forward,,0.958
45,2:Forward,2:Forward,,0.899
46,2:Forward,2:Forward,,0.926
47,2:Forward,2:Forward,,0.973
48,2:Forward,2:Forward,,0.906
49,2:Forward,2:Forward,,0.66
50,2:Forward,2:Forward,,0.451
51,2:Forward,2:Forward,,0.921
52,2:Forward,2:Forward,,0.506
53,2:Forward,2:Forward,,0.921
54,2:Forward,2:Forward,,0.926
55,2:Forward,2:Forward,,0.978
56,2:Forward,2:Forward,,0.57
57,2:Forward,2:Forward,,0.911
58,2:Forward,2:Forward,,0.931
59,2:Forward,2:Forward,,0.922
60,2:Forward,2:Forward,,0.931
61,2:Forward,2:Forward,,0.928
62,2:Forward,2:Forward,,0.782
63,2:Forward,2:Forward,,0.931
64,2:Forward,2:Forward,,0.996
65,2:Forward,1:Not,+,0.519
66,2:Forward,2:Forward,,0.929
67,2:Forward,2:Forward,,0.779
68,2:Forward,2:Forward,,0.965
69,2:Forward,2:Forward,,0.907
70,4:Left,4:Left,,1
71,4:Left,4:Left,,1
72,4:Left,4:Left,,0.585
73,4:Left,4:Left,,0.835
74,4:Left,4:Left,,0.963
75,4:Left,2:Forward,+,0.644
76,4:Left,3:Right,+,0.683
77,4:Left,2:Forward,+,0.895
78,4:Left,3:Right,+,0.605
79,4:Left,1:Not,+,0.577
80,4:Left,4:Left,,1
81,4:Left,3:Right,+,0.772
82,4:Left,4:Left,,1
83,4:Left,4:Left,,0.8
84,4:Left,4:Left,,1
85,4:Left,2:Forward,+,0.546
86,3:Right,3:Right,,0.821
87,3:Right,3:Right,,0.97
88,3:Right,3:Right,,0.989
89,3:Right,3:Right,,0.821
90,3:Right,3:Right,,0.941
91,3:Right,3:Right,,0.824
92,3:Right,3:Right,,0.969
93,3:Right,3:Right,,0.972
94,3:Right,3:Right,,0.823
95,3:Right,3:Right,,0.944
96,3:Right,3:Right,,0.965
97,3:Right,3:Right,,0.822
98,3:Right,3:Right,,0.814
99,3:Right,3:Right,,0.967
100,3:Right,4:Left,+,0.917
101,3:Right,3:Right,,0.699
102,3:Right,3:Right,,0.971
103,3:Right,3:Right,,0.979
104,1:?,2:Forward,,0.936
1,1:Not,1:Not,,0.93
2,1:Not,3:Right,+,0.931
3,1:Not,1:Not,,0.931
4,1:Not,1:Not,,0.776
5,1:Not,1:Not,,0.825
6,1:Not,1:Not,,0.932
7,1:Not,1:Not,,0.549
8,1:Not,2:Forward,+,0.644
9,1:Not,1:Not,,0.897
10,1:Not,1:Not,,0.981
11,1:Not,1:Not,,0.983
12,1:Not,1:Not,,0.874
13,1:Not,4:Left,+,0.999
14,1:Not,1:Not,,0.983
15,1:Not,2:Forward,+,0.785
16,1:Not,2:Forward,+,0.988
17,1:Not,1:Not,,0.481
18,1:Not,1:Not,,0.935
19,1:Not,3:Right,+,0.931
20,1:Not,1:Not,,0.978
21,1:Not,1:Not,,0.501
22,1:Not,1:Not,,0.737
23,1:Not,4:Left,+,0.999
24,1:Not,1:Not,,0.932
25,1:Not,1:Not,,0.983
26,1:Not,1:Not,,0.983
27,1:Not,1:Not,,0.923
28,1:Not,1:Not,,0.986
29,1:Not,1:Not,,0.979
30,1:Not,2:Forward,+,0.993
31,1:Not,1:Not,,0.534
32,1:Not,1:Not,,0.982
33,2:Forward,2:Forward,,0.979
34,2:Forward,2:Forward,,0.985
35,2:Forward,1:Not,+,0.512
36,2:Forward,2:Forward,,0.897
37,2:Forward,2:Forward,,0.779
38,2:Forward,2:Forward,,0.884
39,2:Forward,2:Forward,,0.888
40,2:Forward,1:Not,+,0.601
41,2:Forward,2:Forward,,0.611
42,2:Forward,1:Not,+,0.56
43,2:Forward,2:Forward,,0.883
44,2:Forward,2:Forward,,0.99
45,2:Forward,2:Forward,,0.821
46,2:Forward,2:Forward,,0.894
47,2:Forward,1:Not,+,0.561
48,2:Forward,2:Forward,,0.992
49,2:Forward,1:Not,+,0.573
50,2:Forward,2:Forward,,0.885
51,2:Forward,2:Forward,,0.992
52,2:Forward,2:Forward,,0.991
53,2:Forward,1:Not,+,0.545
54,2:Forward,2:Forward,,0.572
55,2:Forward,1:Not,+,0.538
56,2:Forward,2:Forward,,0.506
57,2:Forward,1:Not,+,0.499
58,2:Forward,1:Not,+,0.549
59,2:Forward,1:Not,+,0.551
60,2:Forward,2:Forward,,0.881
61,2:Forward,2:Forward,,0.72
62,2:Forward,2:Forward,,0.853
63,2:Forward,1:Not,+,0.529
64,2:Forward,2:Forward,,0.986
65,2:Forward,1:Not,+,0.559
66,2:Forward,1:Not,+,0.546
67,2:Forward,2:Forward,,0.993
68,2:Forward,2:Forward,,0.992
69,2:Forward,2:Forward,,0.99
70,4:Left,4:Left,,1
71,4:Left,4:Left,,0.975
72,4:Left,4:Left,,0.997
73,4:Left,4:Left,,0.99
74,4:Left,4:Left,,0.992
75,4:Left,4:Left,,0.979
76,4:Left,4:Left,,0.795
77,4:Left,4:Left,,0.913
78,4:Left,4:Left,,0.998
79,4:Left,4:Left,,0.991
80,4:Left,4:Left,,0.955
81,4:Left,4:Left,,0.998
82,4:Left,4:Left,,0.974
83,4:Left,4:Left,,0.999
84,4:Left,1:Not,+,0.861
85,4:Left,4:Left,,0.996
86,3:Right,3:Right,,0.931
87,3:Right,3:Right,,0.841
88,3:Right,1:Not,+,0.958
89,3:Right,2:Forward,+,0.417
90,3:Right,3:Right,,0.8
91,3:Right,3:Right,,0.931
92,3:Right,3:Right,,0.931
93,3:Right,3:Right,,0.928
94,3:Right,3:Right,,0.836
95,3:Right,3:Right,,0.937
96,3:Right,3:Right,,0.852
97,3:Right,1:Not,+,0.494
98,3:Right,3:Right,,0.931
99,3:Right,3:Right,,0.603
100,3:Right,3:Right,,0.813
101,3:Right,3:Right,,0.696
102,3:Right,4:Left,+,0.938
103,3:Right,3:Right,,0.852
104,1:?,2:Forward,,0.993
1,1:Not,1:Not,,0.994
2,1:Not,1:Not,,0.52
3,1:Not,1:Not,,1
4,1:Not,1:Not,,0.817
5,1:Not,2:Forward,+,0.717
6,1:Not,1:Not,,1
7,1:Not,1:Not,,0.92
8,1:Not,1:Not,,1
9,1:Not,1:Not,,0.999
10,1:Not,1:Not,,0.984
11,1:Not,1:Not,,0.824
12,1:Not,1:Not,,1
13,1:Not,1:Not,,1
14,1:Not,1:Not,,0.542
15,1:Not,1:Not,,0.999
16,1:Not,1:Not,,0.906
17,1:Not,1:Not,,1
18,1:Not,1:Not,,0.672
19,1:Not,1:Not,,0.693
20,1:Not,2:Forward,+,0.527
21,1:Not,1:Not,,1
22,1:Not,2:Forward,+,0.999
23,1:Not,1:Not,,0.563
24,1:Not,1:Not,,1
25,1:Not,1:Not,,0.927
26,1:Not,1:Not,,1
27,1:Not,1:Not,,1
28,1:Not,1:Not,,0.999
29,1:Not,1:Not,,0.566
30,1:Not,1:Not,,0.877
31,1:Not,2:Forward,+,0.989
32,1:Not,1:Not,,1
33,2:Forward,2:Forward,,0.999
34,2:Forward,2:Forward,,0.604
35,2:Forward,2:Forward,,0.545
36,2:Forward,2:Forward,,0.605
37,2:Forward,1:Not,+,0.567
38,2:Forward,2:Forward,,0.938
39,2:Forward,1:Not,+,0.583
40,2:Forward,2:Forward,,0.988
41,2:Forward,2:Forward,,0.998
42,2:Forward,2:Forward,,0.998
43,2:Forward,2:Forward,,0.971
44,2:Forward,2:Forward,,0.678
45,2:Forward,2:Forward,,0.973
46,2:Forward,2:Forward,,0.998
47,2:Forward,2:Forward,,0.849
48,2:Forward,2:Forward,,0.742
49,2:Forward,2:Forward,,0.917
50,2:Forward,2:Forward,,0.808
51,2:Forward,2:Forward,,0.893
52,2:Forward,1:Not,+,0.992
53,2:Forward,2:Forward,,0.995
54,2:Forward,2:Forward,,0.605
55,2:Forward,2:Forward,,0.999
56,2:Forward,2:Forward,,0.918
57,2:Forward,2:Forward,,0.995
58,2:Forward,1:Not,+,0.885
59,2:Forward,2:Forward,,0.966
60,2:Forward,1:Not,+,0.571
61,2:Forward,2:Forward,,0.928
62,2:Forward,2:Forward,,0.997
63,2:Forward,1:Not,+,0.516
64,2:Forward,2:Forward,,0.998
65,2:Forward,2:Forward,,0.724
66,2:Forward,2:Forward,,0.998
67,2:Forward,2:Forward,,0.754
68,2:Forward,1:Not,+,0.59
69,2:Forward,1:Not,+,0.552
70,4:Left,4:Left,,0.962
71,4:Left,4:Left,,0.985
72,4:Left,4:Left,,0.984
73,4:Left,1:Not,+,1
74,4:Left,4:Left,,0.727
75,4:Left,4:Left,,0.961
76,4:Left,4:Left,,0.92
77,4:Left,4:Left,,0.911
78,4:Left,2:Forward,+,0.906
79,4:Left,4:Left,,0.975
80,4:Left,4:Left,,0.961
81,4:Left,4:Left,,0.995
82,4:Left,4:Left,,0.951
83,4:Left,4:Left,,0.991
84,4:Left,4:Left,,0.981
85,4:Left,4:Left,,0.949
86,3:Right,3:Right,,0.988
87,3:Right,3:Right,,0.988
88,3:Right,3:Right,,0.931
89,3:Right,3:Right,,0.753
90,3:Right,3:Right,,0.986
91,3:Right,3:Right,,0.787
92,3:Right,3:Right,,0.973
93,3:Right,3:Right,,0.985
94,3:Right,3:Right,,0.986
95,3:Right,3:Right,,0.809
96,3:Right,3:Right,,0.772
97,3:Right,3:Right,,0.805
98,3:Right,3:Right,,0.988
99,3:Right,3:Right,,0.683
100,3:Right,3:Right,,0.983
101,3:Right,3:Right,,0.791
102,3:Right,3:Right,,0.991
103,3:Right,1:Not,+,0.557
1,1:Not,1:Not,,0.972
2,1:Not,1:Not,,0.994
3,1:Not,1:Not,,0.542
4,1:Not,2:Forward,+,0.725
5,1:Not,1:Not,,0.998
6,1:Not,1:Not,,0.995
7,1:Not,1:Not,,0.999
8,1:Not,1:Not,,0.998
9,1:Not,1:Not,,0.996
10,1:Not,1:Not,,1
11,1:Not,1:Not,,0.989
12,1:Not,1:Not,,0.998
13,1:Not,1:Not,,0.946
14,1:Not,2:Forward,+,0.757
15,1:Not,2:Forward,+,0.704
16,1:Not,3:Right,+,0.612
17,1:Not,1:Not,,0.993
18,1:Not,1:Not,,1
19,1:Not,1:Not,,0.997
20,1:Not,1:Not,,0.998
21,1:Not,3:Right,+,0.612
22,1:Not,1:Not,,0.996
23,1:Not,1:Not,,0.998
24,1:Not,1:Not,,0.995
25,1:Not,1:Not,,0.998
26,1:Not,3:Right,+,0.937
27,1:Not,2:Forward,+,0.755
28,1:Not,1:Not,,0.999
29,1:Not,1:Not,,0.998
30,1:Not,1:Not,,1
31,1:Not,1:Not,,0.999
32,1:Not,1:Not,,1
33,2:Forward,2:Forward,,0.666
34,2:Forward,3:Right,+,0.613
35,2:Forward,2:Forward,,0.996
36,2:Forward,2:Forward,,0.886
37,2:Forward,2:Forward,,0.904
38,2:Forward,2:Forward,,1
39,2:Forward,2:Forward,,0.993
40,2:Forward,2:Forward,,0.961
41,2:Forward,2:Forward,,0.733
42,2:Forward,2:Forward,,0.718
43,2:Forward,3:Right,+,0.573
44,2:Forward,2:Forward,,0.951
45,2:Forward,2:Forward,,0.884
46,2:Forward,2:Forward,,0.792
47,2:Forward,2:Forward,,0.672
48,2:Forward,2:Forward,,1
49,2:Forward,2:Forward,,0.914
50,2:Forward,2:Forward,,0.803
51,2:Forward,2:Forward,,0.742
52,2:Forward,2:Forward,,1
53,2:Forward,2:Forward,,0.73
54,2:Forward,2:Forward,,0.898
55,2:Forward,1:Not,+,0.943
56,2:Forward,2:Forward,,0.999
57,2:Forward,2:Forward,,0.731
58,2:Forward,2:Forward,,0.572
59,2:Forward,2:Forward,,0.718
60,2:Forward,1:Not,+,0.819
61,2:Forward,2:Forward,,1
62,2:Forward,2:Forward,,0.998
63,2:Forward,3:Right,+,0.611
64,2:Forward,1:Not,+,0.506
65,2:Forward,2:Forward,,0.678
66,2:Forward,2:Forward,,0.9
67,2:Forward,2:Forward,,0.999
68,2:Forward,2:Forward,,0.606
69,2:Forward,2:Forward,,0.709
70,4:Left,4:Left,,0.932
71,4:Left,4:Left,,0.932
72,4:Left,4:Left,,0.962
73,4:Left,4:Left,,0.934
74,4:Left,4:Left,,0.945
75,4:Left,4:Left,,0.901
76,4:Left,1:Not,+,0.525
77,4:Left,4:Left,,0.939
78,4:Left,4:Left,,0.945
79,4:Left,1:Not,+,0.889
80,4:Left,4:Left,,0.523
81,4:Left,4:Left,,0.939
82,4:Left,3:Right,+,0.732
83,4:Left,4:Left,,0.942
84,4:Left,4:Left,,0.939
85,3:Right,3:Right,,0.894
86,3:Right,3:Right,,0.939
87,3:Right,3:Right,,0.927
88,3:Right,4:Left,+,0.927
89,3:Right,3:Right,,0.938
90,3:Right,3:Right,,0.889
91,3:Right,1:Not,+,0.587
92,3:Right,3:Right,,0.95
93,3:Right,3:Right,,0.906
94,3:Right,3:Right,,0.931
95,3:Right,4:Left,+,0.76
96,3:Right,3:Right,,0.983
97,3:Right,3:Right,,0.963
98,3:Right,3:Right,,0.949
99,3:Right,3:Right,,0.608
100,3:Right,3:Right,,0.599
101,3:Right,4:Left,+,0.588
102,3:Right,3:Right,,0.909
103,3:Right,3:Right,,0.903
1,1:Not,1:Not,,0.9
2,1:Not,2:Forward,+,0.757
3,1:Not,1:Not,,0.962
4,1:Not,2:Forward,+,0.592
5,1:Not,2:Forward,+,0.689
6,1:Not,2:Forward,+,0.703
7,1:Not,1:Not,,0.916
8,1:Not,1:Not,,0.529
9,1:Not,1:Not,,0.865
10,1:Not,1:Not,,0.523
11,1:Not,1:Not,,0.91
12,1:Not,1:Not,,0.989
13,1:Not,1:Not,,0.956
14,1:Not,1:Not,,0.754
15,1:Not,1:Not,,0.527
16,1:Not,1:Not,,0.976
17,1:Not,1:Not,,0.988
18,1:Not,1:Not,,0.959
19,1:Not,3:Right,+,0.938
20,1:Not,1:Not,,0.934
21,1:Not,2:Forward,+,0.943
22,1:Not,2:Forward,+,0.544
23,1:Not,1:Not,,0.911
24,1:Not,2:Forward,+,0.943
25,1:Not,1:Not,,0.987
26,1:Not,2:Forward,+,0.899
27,1:Not,1:Not,,0.987
28,1:Not,1:Not,,0.952
29,1:Not,2:Forward,+,0.526
30,1:Not,1:Not,,0.815
31,1:Not,1:Not,,0.987
32,1:Not,2:Forward,+,0.726
33,2:Forward,2:Forward,,0.938
34,2:Forward,2:Forward,,0.941
35,2:Forward,2:Forward,,0.986
36,2:Forward,2:Forward,,0.88
37,2:Forward,2:Forward,,0.937
38,2:Forward,2:Forward,,0.942
39,2:Forward,2:Forward,,0.985
40,2:Forward,2:Forward,,0.942
41,2:Forward,2:Forward,,0.818
42,2:Forward,2:Forward,,0.942
43,2:Forward,2:Forward,,0.998
44,2:Forward,2:Forward,,0.943
45,2:Forward,2:Forward,,0.958
46,2:Forward,2:Forward,,0.998
47,2:Forward,2:Forward,,0.845
48,2:Forward,1:Not,+,0.529
49,2:Forward,2:Forward,,0.951
50,2:Forward,1:Not,+,0.53
51,2:Forward,2:Forward,,0.851
52,2:Forward,2:Forward,,0.942
53,2:Forward,2:Forward,,0.998
54,2:Forward,2:Forward,,0.942
55,2:Forward,2:Forward,,0.94
56,2:Forward,2:Forward,,0.995
57,2:Forward,2:Forward,,0.944
58,2:Forward,2:Forward,,0.984
59,2:Forward,2:Forward,,0.844
60,2:Forward,2:Forward,,0.54
61,2:Forward,2:Forward,,0.638
62,2:Forward,2:Forward,,0.942
63,2:Forward,2:Forward,,0.938
64,2:Forward,2:Forward,,0.84
65,2:Forward,2:Forward,,0.973
66,2:Forward,2:Forward,,0.792
67,2:Forward,2:Forward,,0.917
68,2:Forward,2:Forward,,0.887
69,2:Forward,2:Forward,,0.94
70,4:Left,4:Left,,0.917
71,4:Left,4:Left,,0.927
72,4:Left,4:Left,,0.527
73,4:Left,4:Left,,0.927
74,4:Left,3:Right,+,0.968
75,4:Left,2:Forward,+,0.764
76,4:Left,4:Left,,0.572
77,4:Left,4:Left,,0.939
78,4:Left,4:Left,,0.92
79,4:Left,4:Left,,0.928
80,4:Left,4:Left,,0.929
81,4:Left,4:Left,,0.957
82,4:Left,4:Left,,0.926
83,4:Left,2:Forward,+,0.54
84,4:Left,4:Left,,0.883
85,3:Right,3:Right,,0.936
86,3:Right,1:Not,+,0.926
87,3:Right,3:Right,,0.951
88,3:Right,3:Right,,0.671
89,3:Right,3:Right,,0.837
90,3:Right,3:Right,,0.767
91,3:Right,3:Right,,0.966
92,3:Right,3:Right,,0.962
93,3:Right,3:Right,,0.974
94,3:Right,3:Right,,0.991
95,3:Right,3:Right,,0.978
96,3:Right,3:Right,,0.96
97,3:Right,4:Left,+,0.886
98,3:Right,3:Right,,0.864
99,3:Right,4:Left,+,0.926
100,3:Right,3:Right,,0.755
101,3:Right,3:Right,,0.964
102,3:Right,3:Right,,0.759
103,3:Right,3:Right,,0.956
1,1:Not,2:Forward,+,0.547
2,1:Not,1:Not,,0.948
3,1:Not,1:Not,,1
4,1:Not,1:Not,,0.668
5,1:Not,1:Not,,0.946
6,1:Not,2:Forward,+,0.825
7,1:Not,2:Forward,+,0.954
8,1:Not,3:Right,+,0.999
9,1:Not,4:Left,+,0.898
10,1:Not,2:Forward,+,0.536
11,1:Not,1:Not,,0.692
12,1:Not,1:Not,,0.946
13,1:Not,1:Not,,0.942
14,1:Not,2:Forward,+,0.539
15,1:Not,1:Not,,0.766
16,1:Not,1:Not,,0.944
17,1:Not,2:Forward,+,0.782
18,1:Not,4:Left,+,0.646
19,1:Not,2:Forward,+,0.998
20,1:Not,3:Right,+,1
21,1:Not,1:Not,,0.946
22,1:Not,1:Not,,0.647
23,1:Not,1:Not,,1
24,1:Not,3:Right,+,1
25,1:Not,1:Not,,0.946
26,1:Not,1:Not,,1
27,1:Not,1:Not,,0.826
28,1:Not,1:Not,,0.938
29,1:Not,2:Forward,+,0.543
30,1:Not,1:Not,,1
31,1:Not,1:Not,,0.912
32,1:Not,1:Not,,0.954
33,2:Forward,1:Not,+,0.947
34,2:Forward,2:Forward,,0.528
35,2:Forward,2:Forward,,0.913
36,2:Forward,2:Forward,,0.951
37,2:Forward,2:Forward,,0.846
38,2:Forward,2:Forward,,0.998
39,2:Forward,2:Forward,,0.954
40,2:Forward,2:Forward,,0.993
41,2:Forward,2:Forward,,0.58
42,2:Forward,2:Forward,,0.941
43,2:Forward,2:Forward,,0.923
44,2:Forward,2:Forward,,0.76
45,2:Forward,2:Forward,,0.999
46,2:Forward,2:Forward,,0.543
47,2:Forward,2:Forward,,0.997
48,2:Forward,2:Forward,,0.917
49,2:Forward,2:Forward,,0.536
50,2:Forward,2:Forward,,0.537
51,2:Forward,2:Forward,,0.917
52,2:Forward,2:Forward,,0.925
53,2:Forward,2:Forward,,0.918
54,2:Forward,1:Not,+,0.936
55,2:Forward,2:Forward,,0.735
56,2:Forward,2:Forward,,0.598
57,2:Forward,2:Forward,,1
58,2:Forward,2:Forward,,0.542
59,2:Forward,2:Forward,,0.537
60,2:Forward,2:Forward,,0.645
61,2:Forward,2:Forward,,0.997
62,2:Forward,2:Forward,,0.925
63,2:Forward,2:Forward,,0.902
64,2:Forward,2:Forward,,0.999
65,2:Forward,2:Forward,,0.572
66,2:Forward,2:Forward,,0.977
67,2:Forward,2:Forward,,0.978
68,2:Forward,2:Forward,,0.536
69,2:Forward,2:Forward,,0.999
70,4:Left,4:Left,,0.999
71,4:Left,2:Forward,+,0.649
72,4:Left,3:Right,+,0.771
73,4:Left,4:Left,,1
74,4:Left,4:Left,,0.846
75,4:Left,4:Left,,0.983
76,4:Left,4:Left,,0.654
77,4:Left,3:Right,+,0.815
78,4:Left,4:Left,,0.898
79,4:Left,4:Left,,1
80,4:Left,4:Left,,1
81,4:Left,1:Not,+,0.988
82,4:Left,4:Left,,1
83,4:Left,4:Left,,0.931
84,4:Left,1:Not,+,0.998
85,3:Right,3:Right,,0.969
86,3:Right,3:Right,,0.969
87,3:Right,3:Right,,0.818
88,3:Right,3:Right,,0.999
89,3:Right,3:Right,,0.812
90,3:Right,3:Right,,0.999
91,3:Right,3:Right,,0.821
92,3:Right,3:Right,,0.97
93,3:Right,3:Right,,0.993
94,3:Right,3:Right,,0.816
95,3:Right,3:Right,,0.969
96,3:Right,2:Forward,+,0.696
97,3:Right,1:Not,+,0.769
98,3:Right,3:Right,,0.999
99,3:Right,3:Right,,0.969
100,3:Right,3:Right,,0.967
101,3:Right,3:Right,,0.998
102,3:Right,3:Right,,0.813
103,3:Right,3:Right,,0.821
1,1:Not,2:Forward,+,0.606
2,1:Not,1:Not,,0.987
3,1:Not,1:Not,,0.946
4,1:Not,2:Forward,+,0.751
5,1:Not,1:Not,,0.943
6,1:Not,2:Forward,+,0.747
7,1:Not,1:Not,,0.979
8,1:Not,1:Not,,1
9,1:Not,2:Forward,+,0.479
10,1:Not,3:Right,+,0.99
11,1:Not,2:Forward,+,0.607
12,1:Not,1:Not,,0.984
13,1:Not,2:Forward,+,0.998
14,1:Not,1:Not,,0.54
15,1:Not,1:Not,,0.986
16,1:Not,2:Forward,+,0.748
17,1:Not,2:Forward,+,0.747
18,1:Not,1:Not,,0.991
19,1:Not,1:Not,,0.988
20,1:Not,1:Not,,0.999
21,1:Not,1:Not,,0.999
22,1:Not,1:Not,,0.535
23,1:Not,2:Forward,+,0.607
24,1:Not,1:Not,,0.736
25,1:Not,1:Not,,0.974
26,1:Not,1:Not,,0.951
27,1:Not,1:Not,,0.991
28,1:Not,1:Not,,0.825
29,1:Not,1:Not,,0.948
30,1:Not,1:Not,,0.999
31,1:Not,2:Forward,+,0.748
32,1:Not,1:Not,,0.995
33,2:Forward,2:Forward,,0.985
34,2:Forward,2:Forward,,0.764
35,2:Forward,2:Forward,,0.798
36,2:Forward,2:Forward,,0.743
37,2:Forward,2:Forward,,0.917
38,2:Forward,2:Forward,,0.748
39,2:Forward,2:Forward,,0.593
40,2:Forward,2:Forward,,0.746
41,2:Forward,1:Not,+,0.501
42,2:Forward,2:Forward,,0.952
43,2:Forward,2:Forward,,1
44,2:Forward,2:Forward,,0.737
45,2:Forward,2:Forward,,0.992
46,2:Forward,1:Not,+,0.994
47,2:Forward,2:Forward,,0.978
48,2:Forward,2:Forward,,0.979
49,2:Forward,2:Forward,,0.985
50,2:Forward,2:Forward,,0.612
51,2:Forward,2:Forward,,0.732
52,2:Forward,2:Forward,,0.731
53,2:Forward,2:Forward,,0.907
54,2:Forward,2:Forward,,0.952
55,2:Forward,2:Forward,,0.985
56,2:Forward,2:Forward,,0.965
57,2:Forward,2:Forward,,0.95
58,2:Forward,2:Forward,,0.752
59,2:Forward,2:Forward,,0.74
60,2:Forward,2:Forward,,0.596
61,2:Forward,2:Forward,,0.705
62,2:Forward,2:Forward,,0.985
63,2:Forward,2:Forward,,1
64,2:Forward,2:Forward,,0.918
65,2:Forward,2:Forward,,0.855
66,2:Forward,2:Forward,,0.976
67,2:Forward,2:Forward,,0.934
68,2:Forward,2:Forward,,0.985
69,2:Forward,2:Forward,,0.987
70,4:Left,4:Left,,0.644
71,4:Left,4:Left,,0.978
72,4:Left,4:Left,,0.924
73,4:Left,4:Left,,0.908
74,4:Left,4:Left,,0.896
75,4:Left,4:Left,,0.873
76,4:Left,4:Left,,0.866
77,4:Left,4:Left,,0.969
78,4:Left,4:Left,,0.993
79,4:Left,3:Right,+,0.685
80,4:Left,4:Left,,0.874
81,4:Left,4:Left,,0.929
82,4:Left,4:Left,,0.933
83,4:Left,4:Left,,0.873
84,4:Left,4:Left,,0.874
85,3:Right,3:Right,,0.747
86,3:Right,3:Right,,0.999
87,3:Right,3:Right,,0.977
88,3:Right,3:Right,,0.997
89,3:Right,3:Right,,0.999
90,3:Right,3:Right,,0.999
91,3:Right,1:Not,+,0.819
92,3:Right,3:Right,,0.998
93,3:Right,3:Right,,0.979
94,3:Right,3:Right,,0.999
95,3:Right,3:Right,,0.979
96,3:Right,3:Right,,0.999
97,3:Right,3:Right,,0.902
98,3:Right,3:Right,,0.999
99,3:Right,3:Right,,0.978
100,3:Right,3:Right,,0.998
101,3:Right,3:Right,,0.999
102,3:Right,1:Not,+,0.996
103,3:Right,1:Not,+,0.763
1,1:Not,1:Not,,0.979
2,1:Not,4:Left,+,0.68
3,1:Not,1:Not,,0.941
4,1:Not,3:Right,+,0.843
5,1:Not,1:Not,,0.942
6,1:Not,1:Not,,0.916
7,1:Not,1:Not,,0.942
8,1:Not,1:Not,,0.938
9,1:Not,1:Not,,0.999
10,1:Not,2:Forward,+,0.583
11,1:Not,1:Not,,0.903
12,1:Not,1:Not,,0.936
13,1:Not,1:Not,,0.931
14,1:Not,2:Forward,+,0.991
15,1:Not,1:Not,,0.791
16,1:Not,1:Not,,0.937
17,1:Not,1:Not,,0.882
18,1:Not,1:Not,,0.933
19,1:Not,4:Left,+,0.85
20,1:Not,1:Not,,0.47
21,1:Not,2:Forward,+,0.627
22,1:Not,1:Not,,0.988
23,1:Not,1:Not,,0.986
24,1:Not,1:Not,,0.547
25,1:Not,1:Not,,0.943
26,1:Not,1:Not,,0.545
27,1:Not,2:Forward,+,0.577
28,1:Not,1:Not,,0.528
29,1:Not,1:Not,,0.996
30,1:Not,1:Not,,0.536
31,1:Not,1:Not,,0.996
32,1:Not,1:Not,,0.94
33,2:Forward,2:Forward,,0.911
34,2:Forward,1:Not,+,0.543
35,2:Forward,2:Forward,,0.887
36,2:Forward,2:Forward,,0.507
37,2:Forward,1:Not,+,0.505
38,2:Forward,2:Forward,,0.945
39,2:Forward,2:Forward,,0.994
40,2:Forward,1:Not,+,0.531
41,2:Forward,2:Forward,,0.982
42,2:Forward,2:Forward,,0.961
43,2:Forward,2:Forward,,0.982
44,2:Forward,2:Forward,,0.938
45,2:Forward,2:Forward,,0.96
46,2:Forward,2:Forward,,0.975
47,2:Forward,1:Not,+,0.542
48,2:Forward,2:Forward,,0.929
49,2:Forward,2:Forward,,0.999
50,2:Forward,2:Forward,,0.573
51,2:Forward,2:Forward,,0.999
52,2:Forward,2:Forward,,0.956
53,2:Forward,2:Forward,,0.946
54,2:Forward,2:Forward,,0.954
55,2:Forward,2:Forward,,0.974
56,2:Forward,2:Forward,,0.968
57,2:Forward,2:Forward,,0.944
58,2:Forward,2:Forward,,0.995
59,2:Forward,1:Not,+,0.616
60,2:Forward,2:Forward,,0.872
61,2:Forward,2:Forward,,0.977
62,2:Forward,2:Forward,,0.998
63,2:Forward,2:Forward,,0.956
64,2:Forward,2:Forward,,0.953
65,2:Forward,2:Forward,,0.963
66,2:Forward,2:Forward,,0.886
67,2:Forward,2:Forward,,0.774
68,2:Forward,2:Forward,,0.938
69,4:Left,4:Left,,0.972
70,4:Left,3:Right,+,0.713
71,4:Left,4:Left,,0.998
72,4:Left,4:Left,,0.999
73,4:Left,4:Left,,0.768
74,4:Left,4:Left,,0.988
75,4:Left,3:Right,+,0.704
76,4:Left,4:Left,,1
77,4:Left,4:Left,,0.999
78,4:Left,4:Left,,0.999
79,4:Left,4:Left,,0.999
80,4:Left,4:Left,,0.972
81,4:Left,4:Left,,0.928
82,4:Left,3:Right,+,0.549
83,4:Left,4:Left,,0.941
84,4:Left,1:Not,+,0.999
85,3:Right,3:Right,,0.869
86,3:Right,3:Right,,0.989
87,3:Right,3:Right,,0.701
88,3:Right,3:Right,,0.996
89,3:Right,3:Right,,0.91
90,3:Right,3:Right,,0.991
91,3:Right,3:Right,,0.862
92,3:Right,4:Left,+,0.999
93,3:Right,3:Right,,0.993
94,3:Right,3:Right,,0.696
95,3:Right,1:Not,+,0.986
96,3:Right,3:Right,,0.63
97,3:Right,1:Not,+,0.817
98,3:Right,3:Right,,0.976
99,3:Right,3:Right,,0.991
100,3:Right,3:Right,,0.82
101,3:Right,3:Right,,0.989
102,3:Right,3:Right,,0.863
103,3:Right,3:Right,,0.998
1,1:Not,1:Not,,0.928
2,1:Not,1:Not,,1
3,1:Not,1:Not,,0.935
4,1:Not,1:Not,,0.487
5,1:Not,1:Not,,1
6,1:Not,1:Not,,1
7,1:Not,1:Not,,0.936
8,1:Not,1:Not,,0.934
9,1:Not,1:Not,,0.908
10,1:Not,1:Not,,1
11,1:Not,1:Not,,0.794
12,1:Not,2:Forward,+,1
13,1:Not,2:Forward,+,0.622
14,1:Not,1:Not,,0.906
15,1:Not,2:Forward,+,0.869
16,1:Not,1:Not,,0.503
17,1:Not,1:Not,,0.75
18,1:Not,1:Not,,0.933
19,1:Not,1:Not,,1
20,1:Not,1:Not,,1
21,1:Not,3:Right,+,1
22,1:Not,1:Not,,0.928
23,1:Not,1:Not,,0.793
24,1:Not,1:Not,,0.951
25,1:Not,1:Not,,0.934
26,1:Not,1:Not,,0.935
27,1:Not,1:Not,,0.948
28,1:Not,1:Not,,0.92
29,1:Not,1:Not,,0.993
30,1:Not,2:Forward,+,0.369
31,1:Not,1:Not,,0.503
32,1:Not,1:Not,,0.868
33,2:Forward,2:Forward,,1
34,2:Forward,2:Forward,,0.628
35,2:Forward,2:Forward,,1
36,2:Forward,2:Forward,,1
37,2:Forward,2:Forward,,1
38,2:Forward,2:Forward,,0.537
39,2:Forward,2:Forward,,0.797
40,2:Forward,2:Forward,,0.999
41,2:Forward,2:Forward,,1
42,2:Forward,2:Forward,,0.934
43,2:Forward,1:Not,+,0.504
44,2:Forward,1:Not,+,0.501
45,2:Forward,2:Forward,,0.775
46,2:Forward,2:Forward,,0.999
47,2:Forward,2:Forward,,0.79
48,2:Forward,2:Forward,,1
49,2:Forward,2:Forward,,1
50,2:Forward,2:Forward,,0.914
51,2:Forward,2:Forward,,0.63
52,2:Forward,1:Not,+,0.892
53,2:Forward,2:Forward,,0.987
54,2:Forward,2:Forward,,0.951
55,2:Forward,1:Not,+,0.492
56,2:Forward,2:Forward,,0.998
57,2:Forward,2:Forward,,0.937
58,2:Forward,2:Forward,,0.999
59,2:Forward,2:Forward,,0.597
60,2:Forward,1:Not,+,0.857
61,2:Forward,1:Not,+,0.503
62,2:Forward,2:Forward,,0.998
63,2:Forward,2:Forward,,0.801
64,2:Forward,2:Forward,,0.997
65,2:Forward,2:Forward,,0.901
66,2:Forward,2:Forward,,0.979
67,2:Forward,2:Forward,,0.786
68,2:Forward,2:Forward,,0.963
69,4:Left,4:Left,,0.999
70,4:Left,4:Left,,1
71,4:Left,3:Right,+,0.681
72,4:Left,4:Left,,0.991
73,4:Left,4:Left,,0.956
74,4:Left,4:Left,,1
75,4:Left,4:Left,,0.999
76,4:Left,4:Left,,0.828
77,4:Left,4:Left,,0.999
78,4:Left,4:Left,,0.856
79,4:Left,4:Left,,0.923
80,4:Left,4:Left,,1
81,4:Left,4:Left,,0.985
82,4:Left,4:Left,,1
83,4:Left,4:Left,,0.999
84,4:Left,4:Left,,0.999
85,3:Right,3:Right,,0.999
86,3:Right,3:Right,,0.933
87,3:Right,3:Right,,0.999
88,3:Right,4:Left,+,0.995
89,3:Right,3:Right,,0.933
90,3:Right,3:Right,,0.933
91,3:Right,3:Right,,0.821
92,3:Right,1:Not,+,0.874
93,3:Right,3:Right,,0.478
94,3:Right,3:Right,,0.816
95,3:Right,3:Right,,0.497
96,3:Right,3:Right,,0.998
97,3:Right,3:Right,,0.817
98,3:Right,3:Right,,0.992
99,3:Right,3:Right,,0.999
100,3:Right,3:Right,,0.811
101,3:Right,3:Right,,0.872
102,3:Right,3:Right,,0.999
103,3:Right,3:Right,,0.934
1,1:Not,2:Forward,+,0.725
2,1:Not,1:Not,,0.995
3,1:Not,1:Not,,1
4,1:Not,1:Not,,1
5,1:Not,3:Right,+,0.894
6,1:Not,1:Not,,0.538
7,1:Not,1:Not,,1
8,1:Not,1:Not,,1
9,1:Not,1:Not,,0.987
10,1:Not,1:Not,,1
11,1:Not,1:Not,,0.662
12,1:Not,1:Not,,0.677
13,1:Not,1:Not,,1
14,1:Not,1:Not,,0.954
15,1:Not,1:Not,,0.957
16,1:Not,1:Not,,1
17,1:Not,1:Not,,1
18,1:Not,1:Not,,0.675
19,1:Not,1:Not,,0.623
20,1:Not,1:Not,,1
21,1:Not,1:Not,,1
22,1:Not,1:Not,,0.671
23,1:Not,1:Not,,1
24,1:Not,1:Not,,1
25,1:Not,1:Not,,1
26,1:Not,2:Forward,+,0.643
27,1:Not,1:Not,,0.991
28,1:Not,1:Not,,1
29,1:Not,3:Right,+,0.89
30,1:Not,1:Not,,0.632
31,1:Not,1:Not,,1
32,1:Not,1:Not,,0.666
33,2:Forward,2:Forward,,0.994
34,2:Forward,1:Not,+,0.935
35,2:Forward,1:Not,+,0.673
36,2:Forward,2:Forward,,0.908
37,2:Forward,2:Forward,,0.811
38,2:Forward,2:Forward,,0.991
39,2:Forward,1:Not,+,0.653
40,2:Forward,1:Not,+,0.774
41,2:Forward,2:Forward,,0.644
42,2:Forward,2:Forward,,0.884
43,2:Forward,2:Forward,,0.961
44,2:Forward,1:Not,+,0.617
45,2:Forward,1:Not,+,0.956
46,2:Forward,1:Not,+,0.669
47,2:Forward,1:Not,+,0.654
48,2:Forward,2:Forward,,0.524
49,2:Forward,2:Forward,,0.942
50,2:Forward,2:Forward,,0.994
51,2:Forward,2:Forward,,0.988
52,2:Forward,1:Not,+,1
53,2:Forward,2:Forward,,0.821
54,2:Forward,2:Forward,,0.652
55,2:Forward,2:Forward,,0.993
56,2:Forward,2:Forward,,0.657
57,2:Forward,2:Forward,,0.826
58,2:Forward,2:Forward,,0.98
59,2:Forward,2:Forward,,0.797
60,2:Forward,2:Forward,,0.95
61,2:Forward,2:Forward,,0.67
62,2:Forward,1:Not,+,0.655
63,2:Forward,2:Forward,,0.992
64,2:Forward,1:Not,+,0.675
65,2:Forward,2:Forward,,0.692
66,2:Forward,2:Forward,,0.689
67,2:Forward,2:Forward,,0.894
68,2:Forward,2:Forward,,0.991
69,4:Left,4:Left,,0.926
70,4:Left,4:Left,,0.935
71,4:Left,4:Left,,0.932
72,4:Left,4:Left,,0.931
73,4:Left,4:Left,,0.601
74,4:Left,4:Left,,0.826
75,4:Left,4:Left,,0.988
76,4:Left,4:Left,,0.817
77,4:Left,4:Left,,0.858
78,4:Left,4:Left,,0.796
79,4:Left,4:Left,,0.92
80,4:Left,4:Left,,0.983
81,4:Left,4:Left,,0.931
82,4:Left,4:Left,,0.931
83,4:Left,4:Left,,0.931
84,4:Left,3:Right,+,0.89
85,3:Right,3:Right,,0.956
86,3:Right,3:Right,,0.958
87,3:Right,3:Right,,0.992
88,3:Right,3:Right,,0.993
89,3:Right,3:Right,,0.993
90,3:Right,3:Right,,0.973
91,3:Right,3:Right,,0.673
92,3:Right,3:Right,,0.839
93,3:Right,3:Right,,0.992
94,3:Right,1:Not,+,0.882
95,3:Right,3:Right,,0.766
96,3:Right,3:Right,,0.891
97,3:Right,3:Right,,0.993
98,3:Right,3:Right,,0.991
99,3:Right,3:Right,,0.993
100,3:Right,3:Right,,0.993
101,3:Right,3:Right,,0.556
102,3:Right,3:Right,,0.992
103,3:Right,3:Right,,0.992
1,1:Not,1:Not,,0.999
2,1:Not,1:Not,,0.771
3,1:Not,2:Forward,+,0.849
4,1:Not,1:Not,,0.999
5,1:Not,1:Not,,0.822
6,1:Not,2:Forward,+,0.837
7,1:Not,1:Not,,0.994
8,1:Not,1:Not,,0.975
9,1:Not,1:Not,,0.999
10,1:Not,2:Forward,+,0.851
11,1:Not,1:Not,,0.98
12,1:Not,1:Not,,0.97
13,1:Not,1:Not,,1
14,1:Not,1:Not,,0.644
15,1:Not,1:Not,,0.944
16,1:Not,2:Forward,+,0.934
17,1:Not,1:Not,,0.973
18,1:Not,1:Not,,0.873
19,1:Not,3:Right,+,0.866
20,1:Not,1:Not,,0.945
21,1:Not,1:Not,,1
22,1:Not,1:Not,,0.695
23,1:Not,1:Not,,0.974
24,1:Not,1:Not,,0.953
25,1:Not,1:Not,,0.965
26,1:Not,1:Not,,0.968
27,1:Not,1:Not,,0.999
28,1:Not,2:Forward,+,0.981
29,1:Not,2:Forward,+,0.895
30,1:Not,1:Not,,0.998
31,1:Not,1:Not,,0.79
32,1:Not,2:Forward,+,0.999
33,2:Forward,2:Forward,,0.985
34,2:Forward,2:Forward,,0.835
35,2:Forward,2:Forward,,0.814
36,2:Forward,2:Forward,,1
37,2:Forward,2:Forward,,0.812
38,2:Forward,2:Forward,,0.985
39,2:Forward,1:Not,+,0.693
40,2:Forward,2:Forward,,0.505
41,2:Forward,2:Forward,,0.745
42,2:Forward,2:Forward,,0.839
43,2:Forward,2:Forward,,0.867
44,2:Forward,2:Forward,,0.744
45,2:Forward,2:Forward,,1
46,2:Forward,2:Forward,,0.985
47,2:Forward,2:Forward,,0.971
48,2:Forward,2:Forward,,0.985
49,2:Forward,2:Forward,,0.952
50,2:Forward,2:Forward,,0.991
51,2:Forward,2:Forward,,0.996
52,2:Forward,2:Forward,,0.832
53,2:Forward,2:Forward,,0.986
54,2:Forward,2:Forward,,0.852
55,2:Forward,2:Forward,,0.998
56,2:Forward,2:Forward,,0.936
57,2:Forward,2:Forward,,0.836
58,2:Forward,2:Forward,,0.838
59,2:Forward,2:Forward,,0.906
60,2:Forward,2:Forward,,0.751
61,2:Forward,2:Forward,,0.985
62,2:Forward,2:Forward,,0.98
63,2:Forward,2:Forward,,0.988
64,2:Forward,2:Forward,,1
65,2:Forward,2:Forward,,0.808
66,2:Forward,1:Not,+,0.999
67,2:Forward,2:Forward,,1
68,2:Forward,4:Left,+,0.8
69,4:Left,4:Left,,0.999
70,4:Left,4:Left,,1
71,4:Left,4:Left,,0.843
72,4:Left,4:Left,,0.997
73,4:Left,3:Right,+,0.993
74,4:Left,4:Left,,1
75,4:Left,4:Left,,0.867
76,4:Left,4:Left,,0.794
77,4:Left,4:Left,,0.792
78,4:Left,4:Left,,0.999
79,4:Left,4:Left,,0.86
80,4:Left,4:Left,,0.864
81,4:Left,4:Left,,0.864
82,4:Left,4:Left,,0.526
83,4:Left,4:Left,,0.602
84,4:Left,4:Left,,1
85,3:Right,2:Forward,+,0.995
86,3:Right,3:Right,,0.99
87,3:Right,3:Right,,0.989
88,3:Right,3:Right,,0.906
89,3:Right,3:Right,,0.987
90,3:Right,3:Right,,0.992
91,3:Right,3:Right,,0.972
92,3:Right,3:Right,,0.986
93,3:Right,3:Right,,0.983
94,3:Right,3:Right,,0.777
95,3:Right,3:Right,,0.793
96,3:Right,3:Right,,0.969
97,3:Right,3:Right,,0.999
98,3:Right,3:Right,,0.999
99,3:Right,3:Right,,0.999
100,3:Right,4:Left,+,0.837
101,3:Right,3:Right,,0.993
102,3:Right,2:Forward,+,0.873
103,3:Right,3:Right,,0.991
1,1:Not,1:Not,,0.941
2,1:Not,3:Right,+,0.868
3,1:Not,1:Not,,0.96
4,1:Not,1:Not,,0.968
5,1:Not,3:Right,+,0.771
6,1:Not,1:Not,,0.886
7,1:Not,1:Not,,0.757
8,1:Not,1:Not,,0.957
9,1:Not,1:Not,,0.969
10,1:Not,1:Not,,0.987
11,1:Not,1:Not,,0.759
12,1:Not,1:Not,,0.969
13,1:Not,3:Right,+,0.738
14,1:Not,1:Not,,0.969
15,1:Not,1:Not,,0.7
16,1:Not,1:Not,,0.969
17,1:Not,3:Right,+,0.822
18,1:Not,1:Not,,0.929
19,1:Not,1:Not,,0.75
20,1:Not,1:Not,,0.956
21,1:Not,1:Not,,0.962
22,1:Not,1:Not,,0.909
23,1:Not,1:Not,,0.785
24,1:Not,2:Forward,+,0.571
25,1:Not,1:Not,,0.519
26,1:Not,1:Not,,0.513
27,1:Not,1:Not,,0.958
28,1:Not,1:Not,,0.515
29,1:Not,1:Not,,0.969
30,1:Not,1:Not,,0.524
31,1:Not,1:Not,,0.952
32,1:Not,1:Not,,0.997
33,2:Forward,2:Forward,,0.567
34,2:Forward,2:Forward,,0.583
35,2:Forward,2:Forward,,0.987
36,2:Forward,2:Forward,,0.956
37,2:Forward,2:Forward,,0.896
38,2:Forward,2:Forward,,0.957
39,2:Forward,2:Forward,,0.623
40,2:Forward,2:Forward,,0.95
41,2:Forward,2:Forward,,0.941
42,2:Forward,2:Forward,,0.945
43,2:Forward,2:Forward,,0.724
44,2:Forward,2:Forward,,0.957
45,2:Forward,2:Forward,,0.873
46,2:Forward,2:Forward,,0.998
47,2:Forward,2:Forward,,0.955
48,2:Forward,2:Forward,,0.945
49,2:Forward,1:Not,+,0.513
50,2:Forward,2:Forward,,0.956
51,2:Forward,3:Right,+,0.709
52,2:Forward,2:Forward,,0.817
53,2:Forward,2:Forward,,0.861
54,2:Forward,2:Forward,,0.58
55,2:Forward,2:Forward,,0.913
56,2:Forward,2:Forward,,0.563
57,2:Forward,2:Forward,,0.986
58,2:Forward,2:Forward,,0.789
59,2:Forward,2:Forward,,0.75
60,2:Forward,2:Forward,,0.812
61,2:Forward,2:Forward,,0.988
62,2:Forward,1:Not,+,0.517
63,2:Forward,2:Forward,,0.563
64,2:Forward,2:Forward,,0.988
65,2:Forward,1:Not,+,0.521
66,2:Forward,2:Forward,,0.956
67,2:Forward,2:Forward,,0.975
68,2:Forward,2:Forward,,0.968
69,4:Left,4:Left,,0.976
70,4:Left,4:Left,,0.846
71,4:Left,4:Left,,1
72,4:Left,4:Left,,1
73,4:Left,4:Left,,0.996
74,4:Left,4:Left,,0.997
75,4:Left,4:Left,,0.905
76,4:Left,1:Not,+,0.749
77,4:Left,4:Left,,1
78,4:Left,4:Left,,1
79,4:Left,2:Forward,+,0.573
80,4:Left,4:Left,,1
81,4:Left,4:Left,,0.756
82,4:Left,4:Left,,0.537
83,4:Left,4:Left,,1
84,4:Left,4:Left,,0.997
85,3:Right,3:Right,,0.845
86,3:Right,3:Right,,0.849
87,3:Right,3:Right,,0.854
88,3:Right,3:Right,,0.605
89,3:Right,3:Right,,0.85
90,3:Right,3:Right,,0.821
91,3:Right,3:Right,,0.872
92,3:Right,3:Right,,0.597
93,3:Right,3:Right,,0.991
94,3:Right,3:Right,,0.868
95,3:Right,3:Right,,0.871
96,3:Right,3:Right,,0.993
97,3:Right,3:Right,,0.963
98,3:Right,4:Left,+,1
99,3:Right,3:Right,,0.918
100,3:Right,3:Right,,0.836
101,3:Right,3:Right,,0.981
102,3:Right,3:Right,,0.788
103,3:Right,3:Right,,0.863
1,1:Not,1:Not,,0.88
2,1:Not,1:Not,,0.974
3,1:Not,1:Not,,0.959
4,1:Not,1:Not,,1
5,1:Not,1:Not,,0.982
6,1:Not,1:Not,,0.982
7,1:Not,1:Not,,0.607
8,1:Not,1:Not,,0.496
9,1:Not,2:Forward,+,0.939
10,1:Not,1:Not,,1
11,1:Not,1:Not,,0.97
12,1:Not,1:Not,,0.982
13,1:Not,1:Not,,0.984
14,1:Not,1:Not,,0.985
15,1:Not,1:Not,,0.605
16,1:Not,4:Left,+,0.856
17,1:Not,1:Not,,0.973
18,1:Not,2:Forward,+,0.872
19,1:Not,1:Not,,0.606
20,1:Not,1:Not,,0.983
21,1:Not,1:Not,,0.867
22,1:Not,1:Not,,0.602
23,1:Not,1:Not,,0.605
24,1:Not,1:Not,,0.606
25,1:Not,1:Not,,0.978
26,1:Not,1:Not,,0.565
27,1:Not,1:Not,,0.61
28,1:Not,1:Not,,0.978
29,1:Not,3:Right,+,1
30,1:Not,1:Not,,0.968
31,1:Not,1:Not,,0.97
32,1:Not,1:Not,,0.855
33,2:Forward,1:Not,+,0.607
34,2:Forward,2:Forward,,1
35,2:Forward,1:Not,+,0.577
36,2:Forward,1:Not,+,0.581
37,2:Forward,2:Forward,,0.999
38,2:Forward,2:Forward,,0.874
39,2:Forward,2:Forward,,0.999
40,2:Forward,2:Forward,,0.958
41,2:Forward,2:Forward,,0.894
42,2:Forward,2:Forward,,0.93
43,2:Forward,2:Forward,,0.996
44,2:Forward,2:Forward,,0.914
45,2:Forward,2:Forward,,0.995
46,2:Forward,2:Forward,,0.49
47,2:Forward,2:Forward,,0.899
48,2:Forward,2:Forward,,0.985
49,2:Forward,2:Forward,,0.987
50,2:Forward,1:Not,+,0.603
51,2:Forward,2:Forward,,0.913
52,2:Forward,1:Not,+,0.512
53,2:Forward,2:Forward,,0.931
54,2:Forward,2:Forward,,0.925
55,2:Forward,1:Not,+,0.6
56,2:Forward,1:Not,+,0.589
57,2:Forward,2:Forward,,0.996
58,2:Forward,2:Forward,,0.902
59,2:Forward,2:Forward,,0.999
60,2:Forward,2:Forward,,1
61,2:Forward,1:Not,+,0.602
62,2:Forward,2:Forward,,0.898
63,2:Forward,2:Forward,,0.999
64,2:Forward,1:Not,+,0.58
65,2:Forward,1:Not,+,0.586
66,2:Forward,2:Forward,,0.943
67,2:Forward,2:Forward,,0.998
68,2:Forward,2:Forward,,0.539
69,4:Left,4:Left,,1
70,4:Left,4:Left,,1
71,4:Left,4:Left,,1
72,4:Left,4:Left,,0.998
73,4:Left,2:Forward,+,0.666
74,4:Left,4:Left,,0.953
75,4:Left,4:Left,,1
76,4:Left,3:Right,+,0.518
77,4:Left,3:Right,+,0.658
78,4:Left,4:Left,,0.998
79,4:Left,4:Left,,0.881
80,4:Left,4:Left,,1
81,4:Left,4:Left,,1
82,4:Left,4:Left,,1
83,4:Left,4:Left,,1
84,4:Left,3:Right,+,0.797
85,3:Right,3:Right,,0.968
86,3:Right,4:Left,+,0.889
87,3:Right,3:Right,,0.93
88,3:Right,4:Left,+,0.992
89,3:Right,3:Right,,0.781
90,3:Right,3:Right,,0.827
91,3:Right,3:Right,,0.999
92,3:Right,3:Right,,0.681
93,3:Right,3:Right,,0.999
94,3:Right,3:Right,,0.963
95,3:Right,3:Right,,1
96,3:Right,3:Right,,1
97,3:Right,4:Left,+,1
98,3:Right,3:Right,,0.884
99,3:Right,3:Right,,0.975
100,3:Right,3:Right,,0.99
101,3:Right,3:Right,,0.882
102,3:Right,3:Right,,0.883
103,3:Right,3:Right,,0.99
1,1:Not,1:Not,,0.98
2,1:Not,1:Not,,1
3,1:Not,1:Not,,0.996
4,1:Not,1:Not,,0.977
5,1:Not,1:Not,,0.788
6,1:Not,1:Not,,0.754
7,1:Not,1:Not,,0.659
8,1:Not,1:Not,,0.999
9,1:Not,1:Not,,1
10,1:Not,1:Not,,1
11,1:Not,1:Not,,0.996
12,1:Not,1:Not,,1
13,1:Not,1:Not,,0.996
14,1:Not,1:Not,,0.838
15,1:Not,1:Not,,0.996
16,1:Not,1:Not,,1
17,1:Not,1:Not,,0.998
18,1:Not,1:Not,,0.665
19,1:Not,1:Not,,0.668
20,1:Not,1:Not,,0.996
21,1:Not,1:Not,,1
22,1:Not,1:Not,,0.699
23,1:Not,1:Not,,0.981
24,1:Not,1:Not,,0.943
25,1:Not,1:Not,,0.998
26,1:Not,1:Not,,0.998
27,1:Not,1:Not,,0.653
28,1:Not,1:Not,,0.999
29,1:Not,1:Not,,0.988
30,1:Not,1:Not,,0.788
31,1:Not,1:Not,,0.998
32,1:Not,1:Not,,1
33,2:Forward,2:Forward,,0.909
34,2:Forward,2:Forward,,0.997
35,2:Forward,2:Forward,,0.988
36,2:Forward,2:Forward,,1
37,2:Forward,2:Forward,,1
38,2:Forward,2:Forward,,0.929
39,2:Forward,2:Forward,,0.922
40,2:Forward,2:Forward,,0.942
41,2:Forward,2:Forward,,0.936
42,2:Forward,1:Not,+,0.665
43,2:Forward,1:Not,+,0.997
44,2:Forward,2:Forward,,0.627
45,2:Forward,1:Not,+,0.661
46,2:Forward,2:Forward,,0.995
47,2:Forward,2:Forward,,1
48,2:Forward,2:Forward,,0.985
49,2:Forward,2:Forward,,0.911
50,2:Forward,2:Forward,,0.985
51,2:Forward,4:Left,+,0.968
52,2:Forward,2:Forward,,0.936
53,2:Forward,2:Forward,,0.983
54,2:Forward,2:Forward,,0.975
55,2:Forward,1:Not,+,0.645
56,2:Forward,2:Forward,,0.973
57,2:Forward,2:Forward,,0.944
58,2:Forward,2:Forward,,0.914
59,2:Forward,2:Forward,,0.936
60,2:Forward,1:Not,+,0.64
61,2:Forward,1:Not,+,0.65
62,2:Forward,2:Forward,,0.745
63,2:Forward,1:Not,+,0.574
64,2:Forward,2:Forward,,0.936
65,2:Forward,2:Forward,,0.932
66,2:Forward,2:Forward,,0.904
67,2:Forward,2:Forward,,0.998
68,2:Forward,4:Left,+,1
69,4:Left,4:Left,,1
70,4:Left,1:Not,+,0.733
71,4:Left,4:Left,,1
72,4:Left,4:Left,,0.999
73,4:Left,4:Left,,0.999
74,4:Left,4:Left,,1
75,4:Left,4:Left,,0.998
76,4:Left,4:Left,,0.998
77,4:Left,2:Forward,+,0.518
78,4:Left,2:Forward,+,0.665
79,4:Left,4:Left,,1
80,4:Left,4:Left,,0.985
81,4:Left,4:Left,,1
82,4:Left,4:Left,,0.992
83,4:Left,4:Left,,1
84,4:Left,4:Left,,1
85,3:Right,3:Right,,0.729
86,3:Right,3:Right,,0.931
87,3:Right,3:Right,,0.992
88,3:Right,1:Not,+,0.543
89,3:Right,3:Right,,0.824
90,3:Right,3:Right,,0.997
91,3:Right,1:Not,+,0.539
92,3:Right,3:Right,,0.875
93,3:Right,3:Right,,0.899
94,3:Right,3:Right,,0.904
95,3:Right,4:Left,+,0.701
96,3:Right,4:Left,+,0.993
97,3:Right,3:Right,,0.62
98,3:Right,3:Right,,0.811
99,3:Right,4:Left,+,0.521
100,3:Right,3:Right,,0.843
101,3:Right,3:Right,,0.985
102,3:Right,3:Right,,0.843
103,3:Right,1:Not,+,0.744
1,1:Not,1:Not,,0.861
2,1:Not,1:Not,,0.592
3,1:Not,1:Not,,0.999
4,1:Not,1:Not,,0.996
5,1:Not,1:Not,,0.997
6,1:Not,1:Not,,0.553
7,1:Not,2:Forward,+,0.794
8,1:Not,1:Not,,0.999
9,1:Not,1:Not,,0.999
10,1:Not,1:Not,,0.999
11,1:Not,1:Not,,0.996
12,1:Not,1:Not,,0.604
13,1:Not,2:Forward,+,0.868
14,1:Not,1:Not,,0.996
15,1:Not,1:Not,,0.958
16,1:Not,1:Not,,0.998
17,1:Not,1:Not,,0.999
18,1:Not,1:Not,,0.996
19,1:Not,1:Not,,0.996
20,1:Not,1:Not,,0.996
21,1:Not,1:Not,,0.999
22,1:Not,1:Not,,0.997
23,1:Not,1:Not,,0.986
24,1:Not,1:Not,,0.939
25,1:Not,1:Not,,0.694
26,1:Not,1:Not,,0.999
27,1:Not,1:Not,,0.999
28,1:Not,1:Not,,0.999
29,1:Not,1:Not,,0.577
30,1:Not,1:Not,,0.551
31,1:Not,1:Not,,0.978
32,1:Not,1:Not,,0.999
33,2:Forward,2:Forward,,0.995
34,2:Forward,1:Not,+,0.533
35,2:Forward,2:Forward,,0.994
36,2:Forward,2:Forward,,0.994
37,2:Forward,2:Forward,,0.998
38,2:Forward,1:Not,+,0.594
39,2:Forward,2:Forward,,0.996
40,2:Forward,1:Not,+,0.556
41,2:Forward,2:Forward,,0.969
42,2:Forward,2:Forward,,0.924
43,2:Forward,2:Forward,,0.97
44,2:Forward,2:Forward,,0.865
45,2:Forward,2:Forward,,1
46,2:Forward,2:Forward,,1
47,2:Forward,2:Forward,,0.996
48,2:Forward,2:Forward,,0.995
49,2:Forward,1:Not,+,0.536
50,2:Forward,2:Forward,,0.79
51,2:Forward,2:Forward,,0.566
52,2:Forward,2:Forward,,0.992
53,2:Forward,2:Forward,,0.997
54,2:Forward,1:Not,+,0.587
55,2:Forward,2:Forward,,0.919
56,2:Forward,2:Forward,,0.997
57,2:Forward,2:Forward,,0.603
58,2:Forward,2:Forward,,0.997
59,2:Forward,2:Forward,,1
60,2:Forward,1:Not,+,0.581
61,2:Forward,4:Left,+,0.912
62,2:Forward,1:Not,+,0.584
63,2:Forward,2:Forward,,0.984
64,2:Forward,2:Forward,,0.997
65,2:Forward,2:Forward,,0.995
66,2:Forward,4:Left,+,0.754
67,2:Forward,1:Not,+,0.533
68,2:Forward,2:Forward,,1
69,4:Left,2:Forward,+,0.741
70,4:Left,4:Left,,0.945
71,4:Left,4:Left,,0.94
72,4:Left,4:Left,,0.951
73,4:Left,4:Left,,0.727
74,4:Left,4:Left,,0.95
75,4:Left,4:Left,,0.945
76,4:Left,2:Forward,+,0.886
77,4:Left,4:Left,,0.95
78,4:Left,4:Left,,0.97
79,4:Left,4:Left,,0.95
80,4:Left,3:Right,+,0.605
81,4:Left,2:Forward,+,0.952
82,4:Left,4:Left,,0.86
83,4:Left,4:Left,,0.951
84,4:Left,4:Left,,0.951
85,3:Right,3:Right,,0.897
86,3:Right,3:Right,,0.599
87,3:Right,3:Right,,0.923
88,3:Right,3:Right,,0.889
89,3:Right,3:Right,,0.692
90,3:Right,3:Right,,0.941
91,3:Right,3:Right,,0.861
92,3:Right,3:Right,,0.881
93,3:Right,3:Right,,0.92
94,3:Right,3:Right,,0.931
95,3:Right,3:Right,,0.917
96,3:Right,3:Right,,0.913
97,3:Right,4:Left,+,0.937
98,3:Right,3:Right,,0.597
99,3:Right,4:Left,+,0.937
100,3:Right,4:Left,+,0.868
101,3:Right,3:Right,,0.902
102,3:Right,3:Right,,1
103,3:Right,4:Left,+,0.937
1,1:Not,3:Right,+,0.567
2,1:Not,2:Forward,+,0.503
3,1:Not,1:Not,,0.992
4,1:Not,1:Not,,0.983
5,1:Not,1:Not,,0.995
6,1:Not,1:Not,,0.997
7,1:Not,2:Forward,+,0.886
8,1:Not,1:Not,,0.898
9,1:Not,1:Not,,0.983
10,1:Not,1:Not,,0.999
11,1:Not,1:Not,,0.985
12,1:Not,1:Not,,0.642
13,1:Not,1:Not,,0.987
14,1:Not,1:Not,,0.989
15,1:Not,1:Not,,0.995
16,1:Not,1:Not,,0.994
17,1:Not,1:Not,,0.991
18,1:Not,1:Not,,0.959
19,1:Not,1:Not,,0.974
20,1:Not,3:Right,+,0.582
21,1:Not,4:Left,+,0.992
22,1:Not,1:Not,,0.549
23,1:Not,1:Not,,0.979
24,1:Not,1:Not,,0.91
25,1:Not,1:Not,,0.703
26,1:Not,2:Forward,+,0.502
27,1:Not,1:Not,,0.792
28,1:Not,1:Not,,0.981
29,1:Not,1:Not,,0.993
30,1:Not,1:Not,,0.995
31,1:Not,1:Not,,0.95
32,1:Not,1:Not,,0.672
33,2:Forward,2:Forward,,0.704
34,2:Forward,2:Forward,,0.515
35,2:Forward,2:Forward,,0.667
36,2:Forward,1:Not,+,0.651
37,2:Forward,1:Not,+,0.687
38,2:Forward,2:Forward,,0.959
39,2:Forward,2:Forward,,1
40,2:Forward,2:Forward,,0.975
41,2:Forward,1:Not,+,0.555
42,2:Forward,2:Forward,,0.999
43,2:Forward,2:Forward,,1
44,2:Forward,2:Forward,,0.906
45,2:Forward,2:Forward,,0.539
46,2:Forward,2:Forward,,0.999
47,2:Forward,2:Forward,,0.999
48,2:Forward,2:Forward,,0.906
49,2:Forward,2:Forward,,0.997
50,2:Forward,2:Forward,,0.979
51,2:Forward,2:Forward,,0.999
52,2:Forward,2:Forward,,0.989
53,2:Forward,2:Forward,,0.807
54,2:Forward,2:Forward,,0.906
55,2:Forward,2:Forward,,0.722
56,2:Forward,2:Forward,,0.906
57,2:Forward,2:Forward,,0.896
58,2:Forward,1:Not,+,0.693
59,2:Forward,2:Forward,,0.547
60,2:Forward,2:Forward,,0.863
61,2:Forward,2:Forward,,0.617
62,2:Forward,1:Not,+,0.668
63,2:Forward,2:Forward,,0.8
64,2:Forward,2:Forward,,0.922
65,2:Forward,2:Forward,,0.603
66,2:Forward,2:Forward,,0.914
67,2:Forward,2:Forward,,0.888
68,2:Forward,2:Forward,,0.904
69,4:Left,4:Left,,0.911
70,4:Left,4:Left,,0.77
71,4:Left,4:Left,,0.998
72,4:Left,4:Left,,0.998
73,4:Left,4:Left,,0.693
74,4:Left,4:Left,,0.998
75,4:Left,4:Left,,0.998
76,4:Left,4:Left,,0.998
77,4:Left,4:Left,,0.998
78,4:Left,4:Left,,0.508
79,4:Left,4:Left,,0.814
80,4:Left,4:Left,,0.993
81,4:Left,4:Left,,0.957
82,4:Left,4:Left,,0.998
83,4:Left,4:Left,,0.689
84,4:Left,4:Left,,0.998
85,3:Right,3:Right,,0.942
86,3:Right,3:Right,,0.998
87,3:Right,3:Right,,0.887
88,3:Right,3:Right,,0.836
89,3:Right,4:Left,+,0.978
90,3:Right,3:Right,,0.919
91,3:Right,3:Right,,0.925
92,3:Right,3:Right,,0.987
93,3:Right,3:Right,,0.987
94,3:Right,3:Right,,0.971
95,3:Right,3:Right,,0.582
96,3:Right,3:Right,,0.982
97,3:Right,3:Right,,0.576
98,3:Right,3:Right,,0.952
99,3:Right,3:Right,,0.914
100,3:Right,3:Right,,0.892
101,3:Right,3:Right,,0.868
102,3:Right,3:Right,,0.978
103,3:Right,3:Right,,0.982
1,1:Not,1:Not,,0.978
2,1:Not,1:Not,,0.997
3,1:Not,2:Forward,+,0.606
4,1:Not,1:Not,,0.668
5,1:Not,1:Not,,1
6,1:Not,3:Right,+,0.889
7,1:Not,1:Not,,0.915
8,1:Not,1:Not,,0.836
9,1:Not,1:Not,,1
10,1:Not,1:Not,,0.581
11,1:Not,2:Forward,+,0.758
12,1:Not,1:Not,,0.993
13,1:Not,1:Not,,1
14,1:Not,1:Not,,1
15,1:Not,1:Not,,1
16,1:Not,1:Not,,0.964
17,1:Not,1:Not,,0.577
18,1:Not,1:Not,,1
19,1:Not,2:Forward,+,0.976
20,1:Not,1:Not,,0.987
21,1:Not,2:Forward,+,0.825
22,1:Not,1:Not,,0.838
23,1:Not,1:Not,,1
24,1:Not,2:Forward,+,0.819
25,1:Not,3:Right,+,0.89
26,1:Not,1:Not,,0.676
27,1:Not,1:Not,,0.998
28,1:Not,1:Not,,1
29,1:Not,1:Not,,0.913
30,1:Not,1:Not,,0.952
31,1:Not,1:Not,,0.586
32,1:Not,1:Not,,1
33,2:Forward,1:Not,+,1
34,2:Forward,2:Forward,,0.546
35,2:Forward,2:Forward,,0.99
36,2:Forward,2:Forward,,0.821
37,2:Forward,2:Forward,,0.982
38,2:Forward,2:Forward,,0.897
39,2:Forward,2:Forward,,0.866
40,2:Forward,2:Forward,,0.954
41,2:Forward,2:Forward,,0.865
42,2:Forward,2:Forward,,0.935
43,2:Forward,2:Forward,,0.981
44,2:Forward,2:Forward,,0.815
45,2:Forward,2:Forward,,0.997
46,2:Forward,2:Forward,,0.963
47,2:Forward,2:Forward,,0.816
48,2:Forward,2:Forward,,0.809
49,2:Forward,2:Forward,,0.969
50,2:Forward,2:Forward,,0.956
51,2:Forward,2:Forward,,0.957
52,2:Forward,2:Forward,,0.909
53,2:Forward,2:Forward,,0.998
54,2:Forward,2:Forward,,0.896
55,2:Forward,2:Forward,,0.832
56,2:Forward,2:Forward,,0.937
57,2:Forward,2:Forward,,0.878
58,2:Forward,2:Forward,,0.898
59,2:Forward,2:Forward,,0.998
60,2:Forward,2:Forward,,0.55
61,2:Forward,2:Forward,,0.985
62,2:Forward,2:Forward,,0.744
63,2:Forward,2:Forward,,0.819
64,2:Forward,2:Forward,,0.998
65,2:Forward,2:Forward,,0.933
66,2:Forward,1:Not,+,0.576
67,2:Forward,2:Forward,,0.821
68,2:Forward,2:Forward,,0.963
69,4:Left,1:Not,+,0.894
70,4:Left,4:Left,,0.925
71,4:Left,4:Left,,0.876
72,4:Left,4:Left,,0.922
73,4:Left,4:Left,,0.889
74,4:Left,4:Left,,0.801
75,4:Left,4:Left,,0.913
76,4:Left,4:Left,,0.956
77,4:Left,4:Left,,0.922
78,4:Left,4:Left,,0.859
79,4:Left,2:Forward,+,0.998
80,4:Left,4:Left,,0.965
81,4:Left,4:Left,,0.925
82,4:Left,4:Left,,0.938
83,4:Left,4:Left,,0.974
84,4:Left,4:Left,,0.922
85,3:Right,4:Left,+,0.527
86,3:Right,3:Right,,0.987
87,3:Right,3:Right,,0.859
88,3:Right,3:Right,,0.854
89,3:Right,3:Right,,0.871
90,3:Right,3:Right,,0.78
91,3:Right,3:Right,,0.922
92,3:Right,3:Right,,0.984
93,3:Right,3:Right,,0.739
94,3:Right,3:Right,,0.984
95,3:Right,3:Right,,0.87
96,3:Right,3:Right,,0.946
97,3:Right,4:Left,+,0.789
98,3:Right,3:Right,,0.574
99,3:Right,3:Right,,0.984
100,3:Right,3:Right,,0.957
101,3:Right,3:Right,,0.868
102,3:Right,3:Right,,0.551
103,3:Right,3:Right,,0.845
1,1:Not,1:Not,,1
2,1:Not,1:Not,,0.584
3,1:Not,1:Not,,1
4,1:Not,1:Not,,1
5,1:Not,1:Not,,0.988
6,1:Not,1:Not,,0.648
7,1:Not,1:Not,,1
8,1:Not,2:Forward,+,0.994
9,1:Not,1:Not,,1
10,1:Not,1:Not,,1
11,1:Not,1:Not,,0.998
12,1:Not,1:Not,,1
13,1:Not,1:Not,,1
14,1:Not,2:Forward,+,0.851
15,1:Not,1:Not,,0.66
16,1:Not,1:Not,,0.958
17,1:Not,1:Not,,0.992
18,1:Not,1:Not,,1
19,1:Not,1:Not,,1
20,1:Not,1:Not,,1
21,1:Not,1:Not,,1
22,1:Not,1:Not,,1
23,1:Not,1:Not,,1
24,1:Not,1:Not,,0.956
25,1:Not,1:Not,,1
26,1:Not,1:Not,,1
27,1:Not,1:Not,,0.998
28,1:Not,1:Not,,1
29,1:Not,1:Not,,1
30,1:Not,1:Not,,1
31,1:Not,1:Not,,1
32,1:Not,1:Not,,0.588
33,2:Forward,2:Forward,,0.587
34,2:Forward,2:Forward,,1
35,2:Forward,2:Forward,,1
36,2:Forward,2:Forward,,0.991
37,2:Forward,2:Forward,,0.903
38,2:Forward,2:Forward,,1
39,2:Forward,2:Forward,,0.992
40,2:Forward,2:Forward,,0.999
41,2:Forward,2:Forward,,0.904
42,2:Forward,2:Forward,,0.999
43,2:Forward,2:Forward,,0.561
44,2:Forward,2:Forward,,0.613
45,2:Forward,1:Not,+,0.597
46,2:Forward,2:Forward,,0.716
47,2:Forward,1:Not,+,0.559
48,2:Forward,2:Forward,,0.564
49,2:Forward,2:Forward,,1
50,2:Forward,2:Forward,,0.601
51,2:Forward,1:Not,+,0.591
52,2:Forward,2:Forward,,0.943
53,2:Forward,2:Forward,,0.998
54,2:Forward,2:Forward,,0.999
55,2:Forward,2:Forward,,0.846
56,2:Forward,2:Forward,,0.997
57,2:Forward,2:Forward,,1
58,2:Forward,2:Forward,,0.996
59,2:Forward,2:Forward,,0.504
60,2:Forward,2:Forward,,1
61,2:Forward,2:Forward,,0.912
62,2:Forward,2:Forward,,0.854
63,2:Forward,2:Forward,,0.992
64,2:Forward,2:Forward,,1
65,2:Forward,2:Forward,,1
66,2:Forward,2:Forward,,0.651
67,2:Forward,2:Forward,,1
68,2:Forward,2:Forward,,0.565
69,4:Left,4:Left,,0.995
70,4:Left,4:Left,,0.921
71,4:Left,4:Left,,0.992
72,4:Left,4:Left,,0.942
73,4:Left,4:Left,,0.899
74,4:Left,4:Left,,0.759
75,4:Left,4:Left,,0.843
76,4:Left,4:Left,,0.995
77,4:Left,4:Left,,0.758
78,4:Left,4:Left,,0.995
79,4:Left,4:Left,,0.956
80,4:Left,4:Left,,0.908
81,4:Left,4:Left,,0.879
82,4:Left,2:Forward,+,0.641
83,4:Left,4:Left,,0.993
84,4:Left,1:Not,+,0.833
85,3:Right,1:Not,+,1
86,3:Right,3:Right,,0.945
87,3:Right,2:Forward,+,0.759
88,3:Right,3:Right,,0.799
89,3:Right,1:Not,+,1
90,3:Right,4:Left,+,0.495
91,3:Right,4:Left,+,0.869
92,3:Right,1:Not,+,0.587
93,3:Right,4:Left,+,0.798
94,3:Right,4:Left,+,0.56
95,3:Right,1:Not,+,1
96,3:Right,3:Right,,0.941
97,3:Right,3:Right,,0.927
98,3:Right,1:Not,+,1
99,3:Right,1:Not,+,0.582
100,3:Right,1:Not,+,1
101,3:Right,4:Left,+,0.73
102,3:Right,3:Right,,0.816
103,3:Right,3:Right,,0.928
1,1:Not,3:Right,+,0.609
2,1:Not,1:Not,,0.99
3,1:Not,1:Not,,0.983
4,1:Not,1:Not,,0.978
5,1:Not,1:Not,,0.799
6,1:Not,1:Not,,0.983
7,1:Not,1:Not,,0.99
8,1:Not,2:Forward,+,0.501
9,1:Not,1:Not,,0.988
10,1:Not,2:Forward,+,0.999
11,1:Not,4:Left,+,0.877
12,1:Not,1:Not,,0.59
13,1:Not,1:Not,,0.996
14,1:Not,1:Not,,0.914
15,1:Not,2:Forward,+,0.726
16,1:Not,1:Not,,0.981
17,1:Not,1:Not,,0.852
18,1:Not,1:Not,,0.977
19,1:Not,1:Not,,0.907
20,1:Not,1:Not,,0.998
21,1:Not,3:Right,+,0.596
22,1:Not,1:Not,,0.952
23,1:Not,2:Forward,+,0.969
24,1:Not,3:Right,+,0.588
25,1:Not,1:Not,,0.865
26,1:Not,1:Not,,0.984
27,1:Not,1:Not,,0.999
28,1:Not,3:Right,+,0.509
29,1:Not,1:Not,,0.975
30,1:Not,1:Not,,0.978
31,1:Not,1:Not,,0.55
32,1:Not,1:Not,,0.959
33,2:Forward,2:Forward,,0.95
34,2:Forward,2:Forward,,0.754
35,2:Forward,2:Forward,,0.972
36,2:Forward,2:Forward,,0.851
37,2:Forward,2:Forward,,1
38,2:Forward,2:Forward,,1
39,2:Forward,2:Forward,,0.999
40,2:Forward,2:Forward,,0.947
41,2:Forward,2:Forward,,0.999
42,2:Forward,2:Forward,,0.955
43,2:Forward,2:Forward,,0.955
44,2:Forward,2:Forward,,0.919
45,2:Forward,2:Forward,,0.612
46,2:Forward,2:Forward,,0.922
47,2:Forward,2:Forward,,0.999
48,2:Forward,1:Not,+,0.821
49,2:Forward,2:Forward,,0.97
50,2:Forward,2:Forward,,0.92
51,2:Forward,2:Forward,,0.988
52,2:Forward,2:Forward,,0.922
53,2:Forward,1:Not,+,0.815
54,2:Forward,2:Forward,,0.95
55,2:Forward,2:Forward,,0.922
56,2:Forward,2:Forward,,0.955
57,2:Forward,2:Forward,,0.962
58,2:Forward,2:Forward,,1
59,2:Forward,2:Forward,,0.96
60,2:Forward,2:Forward,,0.934
61,2:Forward,2:Forward,,0.977
62,2:Forward,2:Forward,,0.969
63,2:Forward,2:Forward,,0.874
64,2:Forward,2:Forward,,1
65,2:Forward,2:Forward,,0.988
66,2:Forward,2:Forward,,1
67,2:Forward,3:Right,+,0.588
68,2:Forward,2:Forward,,1
69,4:Left,4:Left,,0.995
70,4:Left,2:Forward,+,0.598
71,4:Left,4:Left,,1
72,4:Left,4:Left,,1
73,4:Left,4:Left,,0.999
74,4:Left,3:Right,+,0.692
75,4:Left,4:Left,,1
76,4:Left,4:Left,,1
77,4:Left,4:Left,,0.999
78,4:Left,4:Left,,0.831
79,4:Left,4:Left,,0.998
80,4:Left,4:Left,,0.996
81,4:Left,4:Left,,1
82,4:Left,2:Forward,+,0.732
83,4:Left,3:Right,+,0.678
84,4:Left,4:Left,,0.999
85,3:Right,4:Left,+,0.894
86,3:Right,3:Right,,0.969
87,3:Right,3:Right,,0.956
88,3:Right,3:Right,,0.965
89,3:Right,3:Right,,0.98
90,3:Right,3:Right,,0.779
91,3:Right,3:Right,,0.986
92,3:Right,3:Right,,0.958
93,3:Right,4:Left,+,0.945
94,3:Right,3:Right,,0.965
95,3:Right,3:Right,,0.672
96,3:Right,3:Right,,0.899
97,3:Right,3:Right,,0.982
98,3:Right,3:Right,,0.977
99,3:Right,3:Right,,0.958
100,3:Right,3:Right,,0.976
101,3:Right,3:Right,,0.582
102,3:Right,3:Right,,0.974
103,3:Right,3:Right,,0.987
1,1:Not,1:Not,,0.94
2,1:Not,2:Forward,+,0.631
3,1:Not,1:Not,,0.949
4,1:Not,1:Not,,0.984
5,1:Not,2:Forward,+,0.982
6,1:Not,1:Not,,0.957
7,1:Not,1:Not,,0.993
8,1:Not,2:Forward,+,0.561
9,1:Not,1:Not,,0.931
10,1:Not,1:Not,,0.964
11,1:Not,1:Not,,0.996
12,1:Not,1:Not,,0.994
13,1:Not,1:Not,,0.986
14,1:Not,2:Forward,+,0.567
15,1:Not,1:Not,,0.997
16,1:Not,2:Forward,+,0.562
17,1:Not,1:Not,,0.947
18,1:Not,1:Not,,0.641
19,1:Not,2:Forward,+,0.53
20,1:Not,1:Not,,0.929
21,1:Not,2:Forward,+,0.562
22,1:Not,1:Not,,0.929
23,1:Not,1:Not,,0.979
24,1:Not,1:Not,,0.985
25,1:Not,1:Not,,0.673
26,1:Not,4:Left,+,0.618
27,1:Not,1:Not,,0.928
28,1:Not,1:Not,,0.929
29,1:Not,1:Not,,0.951
30,1:Not,2:Forward,+,0.563
31,1:Not,1:Not,,0.868
32,1:Not,1:Not,,0.925
33,2:Forward,2:Forward,,0.781
34,2:Forward,2:Forward,,0.993
35,2:Forward,2:Forward,,0.936
36,2:Forward,2:Forward,,0.99
37,2:Forward,2:Forward,,0.997
38,2:Forward,2:Forward,,1
39,2:Forward,2:Forward,,0.999
40,2:Forward,2:Forward,,1
41,2:Forward,2:Forward,,0.632
42,2:Forward,2:Forward,,0.993
43,2:Forward,2:Forward,,0.783
44,2:Forward,2:Forward,,1
45,2:Forward,2:Forward,,0.981
46,2:Forward,2:Forward,,0.562
47,2:Forward,2:Forward,,1
48,2:Forward,2:Forward,,1
49,2:Forward,2:Forward,,0.623
50,2:Forward,2:Forward,,1
51,2:Forward,2:Forward,,0.981
52,2:Forward,2:Forward,,0.904
53,2:Forward,2:Forward,,0.971
54,2:Forward,2:Forward,,0.661
55,2:Forward,2:Forward,,0.904
56,2:Forward,2:Forward,,0.999
57,2:Forward,1:Not,+,0.531
58,2:Forward,2:Forward,,0.976
59,2:Forward,2:Forward,,0.921
60,2:Forward,1:Not,+,0.606
61,2:Forward,2:Forward,,0.999
62,2:Forward,2:Forward,,0.984
63,2:Forward,2:Forward,,0.946
64,2:Forward,2:Forward,,0.869
65,2:Forward,2:Forward,,0.841
66,2:Forward,2:Forward,,0.759
67,2:Forward,2:Forward,,0.628
68,2:Forward,2:Forward,,1
69,4:Left,4:Left,,0.958
70,4:Left,4:Left,,0.656
71,4:Left,4:Left,,0.955
72,4:Left,4:Left,,0.901
73,4:Left,4:Left,,0.884
74,4:Left,2:Forward,+,0.618
75,4:Left,4:Left,,0.665
76,4:Left,4:Left,,0.937
77,4:Left,2:Forward,+,0.791
78,4:Left,4:Left,,0.954
79,4:Left,4:Left,,0.935
80,4:Left,4:Left,,0.909
81,4:Left,2:Forward,+,0.82
82,4:Left,4:Left,,0.983
83,4:Left,4:Left,,0.968
84,4:Left,4:Left,,0.84
85,3:Right,4:Left,+,0.842
86,3:Right,3:Right,,0.983
87,3:Right,3:Right,,0.97
88,3:Right,3:Right,,0.525
89,3:Right,1:Not,+,0.986
90,3:Right,3:Right,,0.506
91,3:Right,4:Left,+,0.851
92,3:Right,3:Right,,0.957
93,3:Right,1:Not,+,0.5
94,3:Right,1:Not,+,0.501
95,3:Right,3:Right,,0.506
96,3:Right,3:Right,,0.956
97,3:Right,4:Left,+,0.85
98,3:Right,3:Right,,0.94
99,3:Right,1:Not,+,0.924
100,3:Right,4:Left,+,0.729
101,3:Right,3:Right,,0.545
102,3:Right,3:Right,,0.509
103,3:Right,3:Right,,0.988

